Zone/Quadrant,Neighbourhood,Airport access,Healthcare access,Closest major area,University access,Downtown access,Car dependency level,Newcomers support access,Crime rate category,Primary demographic,Affordability,Walkability,Transit access,Safety perception,Nightlife/social,Family friendly,Parks/green space,Diversity level,Religious/cultural access,Church access,Mosque access,Temple/Gurdwara access,Cultural grocery access,Elementary schools count,Middle/Jr high schools count,High schools count,Community vibe,Best for,Avg 1BR Rent,Average Mortgage Payment,Avg Home Price,Affordability Score,Winter Walkability,Transit Type,Noise Level,Parking Availability,Grocery Store Access,Coffee Shop Density,Fitness & Wellness,Student Friendly,Community Center,Suburban or City-Like,Key Tradeoffs,MVP Score,Recommendation Tier,Affordability Band,Main Risk Category,Primary Matching Drivers,Data Confidence,Urban Form,Needs Validation,Density,Lifestyle identity
Downtown,Beltline,0.5,0.8,Downtown Core / Beltline,0.5,0.8,0.2,0.8,0.2,Young professionals,0.8,0.8,0.5,0.8,0.5,0.8,0.5,0.5,0.8,0.8,0.8,0.8,0.8,0,0,1,"Urban, walkable, social",Young professionals,"$1,930","$2,710","$565,000",5,0.8,CTrain & Bus,0.8,0.2,0.8,0.8,0.8,0.2,Yes,City-like,Higher noise,93,Tier 1 - Strong fit,Lower-cost / value-oriented,Noise / congestion,"walkability, cultural access, family fit, downtown access",Starter estimate - verify with official sources,Urban core,Yes,High,"Urban, walkable, social / City-like"
Downtown,Bridgeland/Riverside,0.5,0.8,Downtown Core / Beltline,0.5,0.8,0.2,0.8,0.2,Young professionals,0.8,0.8,0.5,0.8,0.5,0.8,0.5,0.5,0.8,0.8,0.8,0.8,0.8,1,0,1,"Urban, walkable, social",Young professionals,"$1,930","$2,710","$565,000",5,0.8,CTrain & Bus,0.8,0.2,0.8,0.8,0.8,0.2,Yes,City-like,Higher noise,93,Tier 1 - Strong fit,Lower-cost / value-oriented,Noise / congestion,"walkability, cultural access, family fit, downtown access",Starter estimate - verify with official sources,Urban core,Yes,High,"Urban, walkable, social / City-like"
Downtown,Chinatown,0.5,0.8,Downtown Core / Beltline,0.5,0.8,0.2,0.8,0.2,Young professionals,0.8,0.8,0.5,0.8,0.5,0.8,0.5,0.5,0.8,0.8,0.8,0.8,0.8,0,1,0,"Urban, walkable, social",Young professionals,"$1,930","$2,710","$565,000",5,0.8,Bus-focused,0.8,0.2,0.8,0.8,0.8,0.2,Yes,City-like,Higher noise,93,Tier 1 - Strong fit,Lower-cost / value-oriented,Noise / congestion,"walkability, cultural access, family fit, downtown access",Starter estimate - verify with official sources,Urban core,Yes,High,"Urban, walkable, social / City-like"
Downtown,Cliff Bungalow,0.5,0.8,Downtown Core / Beltline,0.5,0.8,0.2,0.8,0.2,Young professionals,0.8,0.8,0.5,0.8,0.5,0.8,0.5,0.5,0.8,0.8,0.8,0.8,0.8,1,1,1,"Urban, walkable, social",Young professionals,"$1,930","$2,710","$565,000",5,0.8,Bus-focused,0.8,0.2,0.8,0.8,0.8,0.2,Yes,City-like,Higher noise,93,Tier 1 - Strong fit,Lower-cost / value-oriented,Noise / congestion,"walkability, cultural access, family fit, downtown access",Starter estimate - verify with official sources,Urban core,Yes,High,"Urban, walkable, social / City-like"
Downtown,Crescent Heights,0.5,0.8,Downtown Core / Beltline,0.5,0.8,0.2,0.8,0.2,Young professionals,0.8,0.8,0.5,0.8,0.5,0.8,0.5,0.5,0.8,0.8,0.8,0.8,0.8,1,0,0,"Urban, walkable, social",Young professionals,"$1,930","$2,710","$565,000",5,0.8,Bus-focused,0.8,0.2,0.8,0.8,0.8,0.2,Yes,City-like,Higher noise,93,Tier 1 - Strong fit,Lower-cost / value-oriented,Noise / congestion,"walkability, cultural access, family fit, downtown access",Starter estimate - verify with official sources,Urban core,Yes,High,"Urban, walkable, social / City-like"
Downtown,Downtown Commercial Core,0.5,0.8,Downtown Core / Beltline,0.5,0.8,0.2,0.8,0.2,Young professionals,0.8,0.8,0.5,0.8,0.5,0.8,0.5,0.5,0.8,0.8,0.8,0.8,0.8,1,0,0,"Urban, walkable, social",Young professionals,"$1,930","$2,710","$565,000",5,0.8,CTrain & Bus,0.8,0.2,0.8,0.8,0.8,0.2,Yes,City-like,Higher noise,93,Tier 1 - Strong fit,Lower-cost / value-oriented,Noise / congestion,"walkability, cultural access, family fit, downtown access",Starter estimate - verify with official sources,Urban core,Yes,High,"Urban, walkable, social / City-like"
Downtown,Downtown East Village,0.5,0.8,Downtown Core / Beltline,0.5,0.8,0.2,0.8,0.2,Young professionals,0.8,0.8,0.5,0.8,0.5,0.8,0.5,0.5,0.8,0.8,0.8,0.8,0.8,1,1,0,"Urban, walkable, social",Young professionals,"$1,930","$2,710","$565,000",5,0.8,CTrain & Bus,0.8,0.2,0.8,0.8,0.8,0.2,Yes,City-like,Higher noise,93,Tier 1 - Strong fit,Lower-cost / value-oriented,Noise / congestion,"walkability, cultural access, family fit, downtown access",Starter estimate - verify with official sources,Urban core,Yes,High,"Urban, walkable, social / City-like"
Downtown,Downtown West End,0.5,0.8,Downtown Core / Beltline,0.5,0.8,0.2,0.8,0.2,Young professionals,0.8,0.8,0.5,0.8,0.5,0.8,0.5,0.5,0.8,0.8,0.8,0.8,0.8,0,1,1,"Urban, walkable, social",Young professionals,"$1,930","$2,710","$565,000",5,0.8,CTrain & Bus,0.8,0.2,0.8,0.8,0.8,0.2,Yes,City-like,Higher noise,93,Tier 1 - Strong fit,Lower-cost / value-oriented,Noise / congestion,"walkability, cultural access, family fit, downtown access",Starter estimate - verify with official sources,Urban core,Yes,High,"Urban, walkable, social / City-like"
Downtown,Eau Claire,0.5,0.8,Downtown Core / Beltline,0.5,0.8,0.2,0.8,0.2,Young professionals,0.8,0.8,0.5,0.8,0.5,0.8,0.8,0.5,0.8,0.8,0.8,0.8,0.8,1,0,0,"Urban, walkable, social",Young professionals,"$1,930","$2,710","$565,000",5,0.8,Bus-focused,0.8,0.2,0.8,0.8,0.8,0.2,Yes,City-like,Higher noise,95,Tier 1 - Strong fit,Lower-cost / value-oriented,Noise / congestion,"walkability, green space, cultural access, family fit",Starter estimate - verify with official sources,Urban core,Yes,High,"Urban, walkable, social / City-like"
Downtown,Erlton,0.5,0.8,Downtown Core / Beltline,0.5,0.8,0.2,0.8,0.2,Young professionals,0.8,0.8,0.5,0.8,0.5,0.8,0.5,0.5,0.8,0.8,0.8,0.8,0.8,0,1,0,"Urban, walkable, social",Young professionals,"$1,930","$2,710","$565,000",5,0.8,CTrain & Bus,0.8,0.2,0.8,0.8,0.8,0.2,Yes,City-like,Higher noise,93,Tier 1 - Strong fit,Lower-cost / value-oriented,Noise / congestion,"walkability, cultural access, family fit, downtown access",Starter estimate - verify with official sources,Urban core,Yes,High,"Urban, walkable, social / City-like"
Downtown,Inglewood,0.5,0.8,Downtown Core / Beltline,0.5,0.8,0.2,0.8,0.2,Young professionals,0.8,0.8,0.5,0.8,0.5,0.8,0.5,0.5,0.8,0.8,0.8,0.8,0.8,1,1,1,"Urban, walkable, social",Young professionals,"$1,930","$2,710","$565,000",5,0.8,Bus-focused,0.8,0.2,0.8,0.8,0.8,0.2,Yes,City-like,Higher noise,93,Tier 1 - Strong fit,Lower-cost / value-oriented,Noise / congestion,"walkability, cultural access, family fit, downtown access",Starter estimate - verify with official sources,Urban core,Yes,High,"Urban, walkable, social / City-like"
Downtown,Mission,0.5,0.8,Downtown Core / Beltline,0.5,0.8,0.2,0.8,0.2,Young professionals,0.8,0.8,0.5,0.8,0.5,0.8,0.5,0.5,0.8,0.8,0.8,0.8,0.8,1,1,1,"Urban, walkable, social",Young professionals,"$1,930","$2,710","$565,000",5,0.8,CTrain & Bus,0.8,0.2,0.8,0.8,0.8,0.2,Yes,City-like,Higher noise,93,Tier 1 - Strong fit,Lower-cost / value-oriented,Noise / congestion,"walkability, cultural access, family fit, downtown access",Starter estimate - verify with official sources,Urban core,Yes,High,"Urban, walkable, social / City-like"
Downtown,Ramsay,0.5,0.8,Downtown Core / Beltline,0.5,0.8,0.2,0.8,0.2,Young professionals,0.8,0.8,0.5,0.8,0.5,0.8,0.5,0.5,0.8,0.8,0.8,0.8,0.8,1,0,1,"Urban, walkable, social",Young professionals,"$1,930","$2,710","$565,000",5,0.8,Bus-focused,0.8,0.2,0.8,0.8,0.8,0.2,Yes,City-like,Higher noise,93,Tier 1 - Strong fit,Lower-cost / value-oriented,Noise / congestion,"walkability, cultural access, family fit, downtown access",Starter estimate - verify with official sources,Urban core,Yes,High,"Urban, walkable, social / City-like"
Downtown,Sunnyside,0.5,0.8,Downtown Core / Beltline,0.8,0.8,0.2,0.8,0.2,Young professionals,0.8,0.8,0.5,0.8,0.5,0.8,0.5,0.5,0.8,0.8,0.8,0.8,0.8,1,1,0,"Urban, walkable, social",Young professionals,"$1,930","$2,710","$565,000",5,0.8,CTrain & Bus,0.8,0.2,0.8,0.8,0.8,0.8,Yes,City-like,Higher noise,94,Tier 1 - Strong fit,Lower-cost / value-oriented,Noise / congestion,"walkability, cultural access, family fit, student access",Starter estimate - verify with official sources,Urban core,Yes,High,"Urban, walkable, social / City-like"
Downtown,Victoria Park,0.5,0.8,Downtown Core / Beltline,0.5,0.8,0.2,0.8,0.2,Young professionals,0.8,0.8,0.5,0.8,0.5,0.8,0.5,0.5,0.8,0.8,0.8,0.8,0.8,0,0,0,"Urban, walkable, social",Young professionals,"$1,930","$2,710","$565,000",5,0.8,Bus-focused,0.8,0.2,0.8,0.8,0.8,0.2,Yes,City-like,Higher noise,93,Tier 1 - Strong fit,Lower-cost / value-oriented,Noise / congestion,"walkability, cultural access, family fit, downtown access",Starter estimate - verify with official sources,Urban core,Yes,High,"Urban, walkable, social / City-like"
NW,Arbour Lake,0.5,0.5,Crowfoot / NW Suburbs,0.5,0.8,0.2,0.5,0.8,Families,0.5,0.5,0.8,0.2,0.8,0.5,0.8,0.5,0.5,0.5,0.2,0.2,0.5,3,0,1,"Suburban, family-focused",Families,"$1,800","$3,070","$640,000",3,0.5,CTrain & Bus,0.8,0.8,0.5,0.8,0.8,0.8,Yes,Suburban,Higher noise,81,Tier 2 - Good fit,Mid-market,Crime perception,"transit, green space, student access, downtown access",Starter estimate - verify with official sources,Established suburban,Yes,Medium,"Suburban, family-focused / Suburban"
NW,Banff Trail,0.5,0.5,Kensington / SAIT / NW Calgary,0.8,0.5,0.5,0.5,0.5,Mixed households,0.5,0.5,0.5,0.5,0.5,0.5,0.5,0.5,0.5,0.5,0.2,0.2,0.5,0,0,1,Established mixed community,Mixed residents,"$1,800","$3,070","$640,000",3,0.5,Bus-focused,0.2,0.8,0.5,0.5,0.5,0.8,Yes,Suburban,Balanced but verify fit,80,Tier 2 - Good fit,Mid-market,Limited major risk in starter model,student access,Starter estimate - verify with official sources,Established suburban,Yes,Medium,Established mixed community / Suburban
NW,Bowness,0.5,0.8,Kensington / SAIT / NW Calgary,0.2,0.5,0.5,0.5,0.5,Mixed households,0.5,0.5,0.5,0.5,0.5,0.5,0.5,0.5,0.5,0.5,0.2,0.2,0.5,2,0,1,Established mixed community,Mixed residents,"$1,800","$3,070","$640,000",3,0.5,Bus-focused,0.2,0.8,0.5,0.5,0.5,0.5,Yes,Suburban,Balanced but verify fit,78,Tier 2 - Good fit,Mid-market,Limited major risk in starter model,balanced lifestyle fit,Starter estimate - verify with official sources,Established suburban,Yes,Medium,Established mixed community / Suburban
NW,Brentwood,0.5,0.8,University of Calgary / Market Mall,0.8,0.5,0.5,0.5,0.5,Mixed households,0.5,0.5,0.5,0.5,0.5,0.5,0.5,0.5,0.5,0.5,0.2,0.2,0.5,2,0,0,Established mixed community,Mixed residents,"$1,800","$3,070","$640,000",3,0.5,CTrain & Bus,0.2,0.8,0.5,0.5,0.5,0.8,Yes,Suburban,Balanced but verify fit,80,Tier 2 - Good fit,Mid-market,Limited major risk in starter model,student access,Starter estimate - verify with official sources,Established suburban,Yes,Medium,Established mixed community / Suburban
NW,Capitol Hill,0.5,0.5,Kensington / SAIT / NW Calgary,0.8,0.5,0.5,0.5,0.5,Mixed households,0.5,0.5,0.5,0.5,0.5,0.5,0.5,0.5,0.5,0.5,0.2,0.2,0.5,2,0,1,Established mixed community,Mixed residents,"$1,800","$3,070","$640,000",3,0.5,Bus-focused,0.2,0.8,0.5,0.5,0.5,0.8,Yes,Suburban,Balanced but verify fit,80,Tier 2 - Good fit,Mid-market,Limited major risk in starter model,student access,Starter estimate - verify with official sources,Established suburban,Yes,Medium,Established mixed community / Suburban
NW,Charleswood,0.5,0.5,Kensington / SAIT / NW Calgary,0.2,0.5,0.5,0.5,0.5,Mixed households,0.5,0.5,0.5,0.5,0.5,0.5,0.5,0.5,0.5,0.5,0.2,0.2,0.5,2,1,1,Established mixed community,Mixed residents,"$1,800","$3,070","$640,000",3,0.5,Bus-focused,0.2,0.8,0.5,0.5,0.5,0.5,Yes,Suburban,Balanced but verify fit,78,Tier 2 - Good fit,Mid-market,Limited major risk in starter model,balanced lifestyle fit,Starter estimate - verify with official sources,Established suburban,Yes,Medium,Established mixed community / Suburban
NW,Citadel,0.5,0.5,Crowfoot / NW Suburbs,0.5,0.8,0.2,0.5,0.8,Families,0.5,0.5,0.8,0.2,0.8,0.5,0.8,0.5,0.5,0.5,0.2,0.2,0.5,1,0,1,"Suburban, family-focused",Families,"$1,800","$3,070","$640,000",3,0.5,CTrain & Bus,0.8,0.8,0.5,0.8,0.8,0.8,Yes,Suburban,Higher noise,81,Tier 2 - Good fit,Mid-market,Crime perception,"transit, green space, student access, downtown access",Starter estimate - verify with official sources,Established suburban,Yes,Medium,"Suburban, family-focused / Suburban"
NW,Collingwood,0.5,0.5,Kensington / SAIT / NW Calgary,0.2,0.5,0.5,0.5,0.5,Mixed households,0.5,0.5,0.5,0.5,0.5,0.5,0.5,0.5,0.5,0.5,0.2,0.2,0.5,2,1,0,Established mixed community,Mixed residents,"$1,800","$3,070","$640,000",3,0.5,Bus-focused,0.2,0.8,0.5,0.5,0.5,0.5,Yes,Suburban,Balanced but verify fit,78,Tier 2 - Good fit,Mid-market,Limited major risk in starter model,balanced lifestyle fit,Starter estimate - verify with official sources,Established suburban,Yes,Medium,Established mixed community / Suburban
NW,Dalhousie,0.5,0.5,Kensington / SAIT / NW Calgary,0.2,0.5,0.5,0.5,0.5,Mixed households,0.5,0.5,0.5,0.5,0.5,0.5,0.5,0.5,0.5,0.5,0.2,0.2,0.5,1,0,1,Established mixed community,Mixed residents,"$1,800","$3,070","$640,000",3,0.5,CTrain & Bus,0.2,0.8,0.5,0.5,0.5,0.5,Yes,Suburban,Balanced but verify fit,78,Tier 2 - Good fit,Mid-market,Limited major risk in starter model,balanced lifestyle fit,Starter estimate - verify with official sources,Established suburban,Yes,Medium,Established mixed community / Suburban
NW,Edgemont,0.5,0.5,Kensington / SAIT / NW Calgary,0.5,0.8,0.2,0.5,0.8,Families,0.5,0.5,0.8,0.2,0.8,0.5,0.8,0.5,0.5,0.5,0.2,0.2,0.5,1,0,1,"Suburban, family-focused",Families,"$1,800","$3,070","$640,000",3,0.5,CTrain & Bus,0.8,0.8,0.5,0.8,0.8,0.8,Yes,Suburban,Higher noise,81,Tier 2 - Good fit,Mid-market,Crime perception,"transit, green space, student access, downtown access",Starter estimate - verify with official sources,Established suburban,Yes,Medium,"Suburban, family-focused / Suburban"
NW,Evanston,0.5,0.5,Kensington / SAIT / NW Calgary,0.5,0.8,0.2,0.5,0.8,Families,0.5,0.5,0.8,0.2,0.8,0.5,0.8,0.5,0.5,0.5,0.2,0.2,0.5,2,1,0,"Suburban, family-focused",Families,"$1,800","$3,070","$640,000",3,0.5,CTrain & Bus,0.8,0.8,0.5,0.8,0.8,0.8,Yes,Suburban,Higher noise,81,Tier 2 - Good fit,Mid-market,Crime perception,"transit, green space, student access, downtown access",Starter estimate - verify with official sources,New suburban / master-planned,Yes,Low-Medium,"Suburban, family-focused / Suburban"
NW,Greenwood/Greenbriar,0.5,0.5,University of Calgary / Market Mall,0.8,0.5,0.5,0.5,0.5,Mixed households,0.5,0.5,0.5,0.5,0.5,0.5,0.5,0.5,0.5,0.5,0.2,0.2,0.5,0,0,1,Established mixed community,Mixed residents,"$1,800","$3,070","$640,000",3,0.5,Bus-focused,0.2,0.8,0.5,0.5,0.5,0.8,Yes,Suburban,Balanced but verify fit,80,Tier 2 - Good fit,Mid-market,Limited major risk in starter model,student access,Starter estimate - verify with official sources,Established suburban,Yes,Medium,Established mixed community / Suburban
NW,Hamptons,0.5,0.5,Kensington / SAIT / NW Calgary,0.2,0.5,0.5,0.5,0.5,Mixed households,0.5,0.5,0.5,0.5,0.5,0.5,0.5,0.5,0.5,0.5,0.2,0.2,0.5,2,1,1,Established mixed community,Mixed residents,"$1,800","$3,070","$640,000",3,0.5,Bus-focused,0.2,0.8,0.5,0.5,0.5,0.5,Yes,Suburban,Balanced but verify fit,78,Tier 2 - Good fit,Mid-market,Limited major risk in starter model,balanced lifestyle fit,Starter estimate - verify with official sources,Established suburban,Yes,Medium,Established mixed community / Suburban
NW,Hawkwood,0.5,0.5,Kensington / SAIT / NW Calgary,0.2,0.5,0.5,0.5,0.5,Mixed households,0.5,0.5,0.5,0.5,0.5,0.5,0.5,0.5,0.5,0.5,0.2,0.2,0.5,2,0,0,Established mixed community,Mixed residents,"$1,800","$3,070","$640,000",3,0.5,Bus-focused,0.2,0.8,0.5,0.5,0.5,0.5,Yes,Suburban,Balanced but verify fit,78,Tier 2 - Good fit,Mid-market,Limited major risk in starter model,balanced lifestyle fit,Starter estimate - verify with official sources,Established suburban,Yes,Medium,Established mixed community / Suburban
NW,Hidden Valley,0.5,0.5,Kensington / SAIT / NW Calgary,0.2,0.5,0.5,0.5,0.5,Mixed households,0.5,0.5,0.5,0.5,0.5,0.5,0.5,0.5,0.5,0.5,0.2,0.2,0.5,1,0,0,Established mixed community,Mixed residents,"$1,800","$3,070","$640,000",3,0.5,Bus-focused,0.2,0.8,0.5,0.5,0.5,0.5,Yes,Suburban,Balanced but verify fit,78,Tier 2 - Good fit,Mid-market,Limited major risk in starter model,balanced lifestyle fit,Starter estimate - verify with official sources,Established suburban,Yes,Medium,Established mixed community / Suburban
NW,Hillhurst,0.5,0.5,University of Calgary / Market Mall,0.8,0.8,0.2,0.8,0.2,Young professionals,0.8,0.8,0.5,0.8,0.5,0.8,0.5,0.5,0.8,0.8,0.8,0.8,0.8,0,1,0,"Urban, walkable, social",Young professionals,"$1,680","$2,850","$595,000",5,0.65,Bus-focused,0.5,0.5,0.8,0.8,0.8,0.8,Yes,Balanced,Balanced but verify fit,94,Tier 1 - Strong fit,Lower-cost / value-oriented,Limited major risk in starter model,"walkability, cultural access, family fit, student access",Starter estimate - verify with official sources,Inner-city / walkable,Yes,Medium-High,"Urban, walkable, social / Balanced"
NW,Hounsfield Heights/Briar Hill,0.5,0.5,University of Calgary / Market Mall,0.8,0.5,0.5,0.5,0.5,Mixed households,0.5,0.5,0.5,0.5,0.5,0.5,0.5,0.5,0.5,0.5,0.2,0.2,0.5,2,1,0,Established mixed community,Mixed residents,"$1,800","$3,070","$640,000",3,0.5,Bus-focused,0.2,0.8,0.5,0.5,0.5,0.8,Yes,Suburban,Balanced but verify fit,80,Tier 2 - Good fit,Mid-market,Limited major risk in starter model,student access,Starter estimate - verify with official sources,Established suburban,Yes,Medium,Established mixed community / Suburban
NW,Kincora,0.5,0.5,Kensington / SAIT / NW Calgary,0.2,0.5,0.5,0.5,0.5,Mixed households,0.5,0.5,0.5,0.5,0.5,0.5,0.5,0.5,0.5,0.5,0.2,0.2,0.5,0,0,0,Established mixed community,Mixed residents,"$1,800","$3,070","$640,000",3,0.5,Bus-focused,0.2,0.8,0.5,0.5,0.5,0.5,Yes,Suburban,Balanced but verify fit,78,Tier 2 - Good fit,Mid-market,Limited major risk in starter model,balanced lifestyle fit,Starter estimate - verify with official sources,Established suburban,Yes,Medium,Established mixed community / Suburban
NW,Montgomery,0.5,0.8,University of Calgary / Market Mall,0.8,0.5,0.5,0.5,0.5,Mixed households,0.5,0.5,0.5,0.5,0.5,0.5,0.5,0.5,0.5,0.5,0.2,0.2,0.5,1,1,1,Established mixed community,Mixed residents,"$1,800","$3,070","$640,000",3,0.5,Bus-focused,0.2,0.8,0.5,0.5,0.5,0.8,Yes,Suburban,Balanced but verify fit,80,Tier 2 - Good fit,Mid-market,Limited major risk in starter model,student access,Starter estimate - verify with official sources,Established suburban,Yes,Medium,Established mixed community / Suburban
NW,Nolan Hill,0.5,0.5,Kensington / SAIT / NW Calgary,0.5,0.8,0.2,0.5,0.8,Families,0.5,0.5,0.8,0.2,0.8,0.5,0.8,0.5,0.5,0.5,0.2,0.2,0.5,1,2,0,"Suburban, family-focused",Families,"$1,800","$3,070","$640,000",3,0.5,CTrain & Bus,0.8,0.8,0.5,0.8,0.8,0.8,Yes,Suburban,Higher noise,81,Tier 2 - Good fit,Mid-market,Crime perception,"transit, green space, student access, downtown access",Starter estimate - verify with official sources,Established suburban,Yes,Medium,"Suburban, family-focused / Suburban"
NW,North Haven,0.5,0.5,Kensington / SAIT / NW Calgary,0.2,0.5,0.5,0.5,0.5,Mixed households,0.5,0.5,0.5,0.5,0.5,0.5,0.5,0.5,0.5,0.5,0.2,0.2,0.5,1,1,1,Established mixed community,Mixed residents,"$1,800","$3,070","$640,000",3,0.5,Bus-focused,0.2,0.8,0.5,0.5,0.5,0.5,Yes,Suburban,Balanced but verify fit,78,Tier 2 - Good fit,Mid-market,Limited major risk in starter model,balanced lifestyle fit,Starter estimate - verify with official sources,Established suburban,Yes,Medium,Established mixed community / Suburban
NW,North Haven Upper,0.5,0.5,Kensington / SAIT / NW Calgary,0.2,0.5,0.5,0.5,0.5,Mixed households,0.5,0.5,0.5,0.5,0.5,0.5,0.5,0.5,0.5,0.5,0.2,0.2,0.5,0,1,1,Established mixed community,Mixed residents,"$1,800","$3,070","$640,000",3,0.5,Bus-focused,0.2,0.8,0.5,0.5,0.5,0.5,Yes,Suburban,Balanced but verify fit,78,Tier 2 - Good fit,Mid-market,Limited major risk in starter model,balanced lifestyle fit,Starter estimate - verify with official sources,Established suburban,Yes,Medium,Established mixed community / Suburban
NW,Panorama Hills,0.5,0.5,Kensington / SAIT / NW Calgary,0.5,0.8,0.2,0.5,0.8,Families,0.5,0.5,0.8,0.2,0.8,0.5,0.8,0.5,0.5,0.5,0.2,0.2,0.5,2,2,1,"Suburban, family-focused",Families,"$1,800","$3,070","$640,000",3,0.5,CTrain & Bus,0.8,0.8,0.5,0.8,0.8,0.8,Yes,Suburban,Higher noise,81,Tier 2 - Good fit,Mid-market,Crime perception,"transit, green space, student access, downtown access",Starter estimate - verify with official sources,Established suburban,Yes,Medium,"Suburban, family-focused / Suburban"
NW,Parkdale,0.5,0.8,University of Calgary / Market Mall,0.8,0.5,0.5,0.5,0.5,Mixed households,0.5,0.5,0.5,0.5,0.5,0.5,0.5,0.5,0.5,0.5,0.2,0.2,0.5,2,0,1,Established mixed community,Mixed residents,"$1,800","$3,070","$640,000",3,0.5,Bus-focused,0.2,0.8,0.5,0.5,0.5,0.8,Yes,Suburban,Balanced but verify fit,80,Tier 2 - Good fit,Mid-market,Limited major risk in starter model,student access,Starter estimate - verify with official sources,Established suburban,Yes,Medium,Established mixed community / Suburban
NW,Point McKay,0.5,0.5,Kensington / SAIT / NW Calgary,0.2,0.5,0.5,0.5,0.5,Mixed households,0.5,0.5,0.5,0.5,0.5,0.5,0.5,0.5,0.5,0.5,0.2,0.2,0.5,1,0,1,Established mixed community,Mixed residents,"$1,800","$3,070","$640,000",3,0.5,Bus-focused,0.2,0.8,0.5,0.5,0.5,0.5,Yes,Suburban,Balanced but verify fit,78,Tier 2 - Good fit,Mid-market,Limited major risk in starter model,balanced lifestyle fit,Starter estimate - verify with official sources,Established suburban,Yes,Medium,Established mixed community / Suburban
NW,Ranchlands,0.5,0.5,Crowfoot / NW Suburbs,0.2,0.5,0.5,0.5,0.5,Mixed households,0.5,0.5,0.5,0.5,0.5,0.5,0.5,0.5,0.5,0.5,0.2,0.2,0.5,1,1,1,Established mixed community,Mixed residents,"$1,800","$3,070","$640,000",3,0.5,CTrain & Bus,0.2,0.8,0.5,0.5,0.5,0.5,Yes,Suburban,Balanced but verify fit,78,Tier 2 - Good fit,Mid-market,Limited major risk in starter model,balanced lifestyle fit,Starter estimate - verify with official sources,Established suburban,Yes,Medium,Established mixed community / Suburban
NW,Rocky Ridge,0.5,0.5,Crowfoot / NW Suburbs,0.5,0.8,0.2,0.5,0.8,Families,0.5,0.5,0.8,0.2,0.8,0.5,0.8,0.5,0.5,0.5,0.2,0.2,0.5,3,1,0,"Suburban, family-focused",Families,"$1,800","$3,070","$640,000",3,0.5,CTrain & Bus,0.8,0.8,0.5,0.8,0.8,0.8,Yes,Suburban,Higher noise,81,Tier 2 - Good fit,Mid-market,Crime perception,"transit, green space, student access, downtown access",Starter estimate - verify with official sources,New suburban / master-planned,Yes,Low-Medium,"Suburban, family-focused / Suburban"
NW,Rosedale,0.5,0.5,Kensington / SAIT / NW Calgary,0.2,0.5,0.5,0.5,0.5,Mixed households,0.5,0.5,0.5,0.5,0.5,0.5,0.5,0.5,0.5,0.5,0.2,0.2,0.5,0,1,1,Established mixed community,Mixed residents,"$1,800","$3,070","$640,000",3,0.5,Bus-focused,0.2,0.8,0.5,0.5,0.5,0.5,Yes,Suburban,Balanced but verify fit,78,Tier 2 - Good fit,Mid-market,Limited major risk in starter model,balanced lifestyle fit,Starter estimate - verify with official sources,Established suburban,Yes,Medium,Established mixed community / Suburban
NW,Rosemont,0.5,0.5,Kensington / SAIT / NW Calgary,0.2,0.5,0.5,0.5,0.5,Mixed households,0.5,0.5,0.5,0.5,0.5,0.5,0.5,0.5,0.5,0.5,0.2,0.2,0.5,2,0,1,Established mixed community,Mixed residents,"$1,800","$3,070","$640,000",3,0.5,Bus-focused,0.2,0.8,0.5,0.5,0.5,0.5,Yes,Suburban,Balanced but verify fit,78,Tier 2 - Good fit,Mid-market,Limited major risk in starter model,balanced lifestyle fit,Starter estimate - verify with official sources,Established suburban,Yes,Medium,Established mixed community / Suburban
NW,Royal Oak,0.5,0.5,Crowfoot / NW Suburbs,0.5,0.8,0.2,0.5,0.8,Families,0.5,0.5,0.8,0.2,0.8,0.5,0.8,0.5,0.5,0.5,0.2,0.2,0.5,2,2,1,"Suburban, family-focused",Families,"$1,800","$3,070","$640,000",3,0.5,CTrain & Bus,0.8,0.8,0.5,0.8,0.8,0.8,Yes,Suburban,Higher noise,81,Tier 2 - Good fit,Mid-market,Crime perception,"transit, green space, student access, downtown access",Starter estimate - verify with official sources,Established suburban,Yes,Medium,"Suburban, family-focused / Suburban"
NW,Sage Hill,0.5,0.5,Kensington / SAIT / NW Calgary,0.5,0.8,0.2,0.5,0.8,Families,0.5,0.5,0.8,0.2,0.8,0.5,0.8,0.5,0.5,0.5,0.2,0.2,0.5,1,1,0,"Suburban, family-focused",Families,"$1,800","$3,070","$640,000",3,0.5,CTrain & Bus,0.8,0.8,0.5,0.8,0.8,0.8,Yes,Suburban,Higher noise,81,Tier 2 - Good fit,Mid-market,Crime perception,"transit, green space, student access, downtown access",Starter estimate - verify with official sources,New suburban / master-planned,Yes,Low-Medium,"Suburban, family-focused / Suburban"
NW,Scenic Acres,0.5,0.5,Kensington / SAIT / NW Calgary,0.2,0.5,0.5,0.5,0.5,Mixed households,0.5,0.5,0.5,0.5,0.5,0.5,0.5,0.5,0.5,0.5,0.2,0.2,0.5,0,1,1,Established mixed community,Mixed residents,"$1,800","$3,070","$640,000",3,0.5,Bus-focused,0.2,0.8,0.5,0.5,0.5,0.5,Yes,Suburban,Balanced but verify fit,78,Tier 2 - Good fit,Mid-market,Limited major risk in starter model,balanced lifestyle fit,Starter estimate - verify with official sources,Established suburban,Yes,Medium,Established mixed community / Suburban
NW,Sherwood,0.5,0.5,Kensington / SAIT / NW Calgary,0.2,0.5,0.5,0.5,0.5,Mixed households,0.5,0.5,0.5,0.5,0.5,0.5,0.5,0.5,0.5,0.5,0.2,0.2,0.5,1,1,1,Established mixed community,Mixed residents,"$1,800","$3,070","$640,000",3,0.5,Bus-focused,0.2,0.8,0.5,0.5,0.5,0.5,Yes,Suburban,Balanced but verify fit,78,Tier 2 - Good fit,Mid-market,Limited major risk in starter model,balanced lifestyle fit,Starter estimate - verify with official sources,Established suburban,Yes,Medium,Established mixed community / Suburban
NW,Silver Springs,0.5,0.5,Kensington / SAIT / NW Calgary,0.2,0.5,0.5,0.5,0.5,Mixed households,0.5,0.5,0.5,0.5,0.5,0.5,0.5,0.5,0.5,0.5,0.2,0.2,0.5,2,1,0,Established mixed community,Mixed residents,"$1,800","$3,070","$640,000",3,0.5,Bus-focused,0.2,0.8,0.5,0.5,0.5,0.5,Yes,Suburban,Balanced but verify fit,78,Tier 2 - Good fit,Mid-market,Limited major risk in starter model,balanced lifestyle fit,Starter estimate - verify with official sources,Established suburban,Yes,Medium,Established mixed community / Suburban
NW,St. Andrews Heights,0.5,0.8,Kensington / SAIT / NW Calgary,0.2,0.5,0.5,0.5,0.5,Mixed households,0.5,0.5,0.5,0.5,0.5,0.5,0.5,0.5,0.5,0.5,0.2,0.2,0.5,2,0,0,Established mixed community,Mixed residents,"$1,800","$3,070","$640,000",3,0.5,Bus-focused,0.2,0.8,0.5,0.5,0.5,0.5,Yes,Suburban,Balanced but verify fit,78,Tier 2 - Good fit,Mid-market,Limited major risk in starter model,balanced lifestyle fit,Starter estimate - verify with official sources,Established suburban,Yes,Medium,Established mixed community / Suburban
NW,Tuscany,0.5,0.5,Crowfoot / NW Suburbs,0.5,0.8,0.2,0.5,0.8,Families,0.5,0.5,0.8,0.2,0.8,0.5,0.8,0.5,0.5,0.5,0.2,0.2,0.5,2,1,1,"Suburban, family-focused",Families,"$1,800","$3,070","$640,000",3,0.5,CTrain & Bus,0.8,0.8,0.5,0.8,0.8,0.8,Yes,Suburban,Higher noise,81,Tier 2 - Good fit,Mid-market,Crime perception,"transit, green space, student access, downtown access",Starter estimate - verify with official sources,New suburban / master-planned,Yes,Low-Medium,"Suburban, family-focused / Suburban"
NW,University District,0.5,0.8,University of Calgary / Market Mall,0.8,0.5,0.5,0.5,0.5,Mixed households,0.5,0.5,0.5,0.5,0.5,0.5,0.5,0.5,0.5,0.5,0.2,0.2,0.5,1,1,0,Established mixed community,Mixed residents,"$1,800","$3,070","$640,000",3,0.5,Bus-focused,0.2,0.8,0.5,0.5,0.5,0.8,Yes,Suburban,Balanced but verify fit,80,Tier 2 - Good fit,Mid-market,Limited major risk in starter model,student access,Starter estimate - verify with official sources,Established suburban,Yes,Medium,Established mixed community / Suburban
NW,University Heights,0.5,0.8,University of Calgary / Market Mall,0.8,0.5,0.5,0.5,0.5,Mixed households,0.5,0.5,0.5,0.5,0.5,0.5,0.5,0.5,0.5,0.5,0.2,0.2,0.5,1,0,1,Established mixed community,Mixed residents,"$1,800","$3,070","$640,000",3,0.5,Bus-focused,0.2,0.8,0.5,0.5,0.5,0.8,Yes,Suburban,Balanced but verify fit,80,Tier 2 - Good fit,Mid-market,Limited major risk in starter model,student access,Starter estimate - verify with official sources,Established suburban,Yes,Medium,Established mixed community / Suburban
NW,Varsity,0.5,0.8,University of Calgary / Market Mall,0.8,0.8,0.2,0.5,0.8,Families,0.5,0.5,0.8,0.2,0.8,0.5,0.8,0.5,0.5,0.5,0.2,0.2,0.5,2,2,1,"Suburban, family-focused",Families,"$1,800","$3,070","$640,000",3,0.5,CTrain & Bus,0.8,0.8,0.5,0.8,0.8,0.8,Yes,Suburban,Higher noise,81,Tier 2 - Good fit,Mid-market,Crime perception,"transit, green space, student access, downtown access",Starter estimate - verify with official sources,Established suburban,Yes,Medium,"Suburban, family-focused / Suburban"
NW,West Hillhurst,0.5,0.5,University of Calgary / Market Mall,0.8,0.8,0.2,0.8,0.2,Young professionals,0.8,0.8,0.5,0.8,0.5,0.8,0.5,0.5,0.8,0.8,0.8,0.8,0.8,1,1,0,"Urban, walkable, social",Young professionals,"$1,680","$2,850","$595,000",5,0.65,Bus-focused,0.5,0.5,0.8,0.8,0.8,0.8,Yes,Balanced,Balanced but verify fit,94,Tier 1 - Strong fit,Lower-cost / value-oriented,Limited major risk in starter model,"walkability, cultural access, family fit, student access",Starter estimate - verify with official sources,Inner-city / walkable,Yes,Medium-High,"Urban, walkable, social / Balanced"
NE,Abbeydale,0.8,0.5,Sunridge / Marlborough / Airport,0.2,0.5,0.5,0.8,0.8,Newcomers/families,0.8,0.5,0.5,0.2,0.8,0.5,0.5,1,1,1,1,1,0.8,1,0,1,"Diverse, family-oriented",Newcomers/families,"$1,360","$1,870","$390,000",5,0.5,Bus-focused,0.8,0.8,0.8,0.8,0.5,0.5,Yes,Suburban,Higher noise,82,Tier 2 - Good fit,Lower-cost / value-oriented,Crime perception,cultural access,Starter estimate - verify with official sources,Established suburban,Yes,Medium,"Diverse, family-oriented / Suburban"
NE,Airport,0.8,0.5,Sunridge / Marlborough / Airport,0.2,0.2,0.8,0.8,0.8,Workers/Commercial,0.2,0.2,0.2,0.2,0.2,0.2,0.2,0.2,0.2,0.2,0.5,0.5,0.5,0,0,0,Commercial/industrial area,Workers/commuters,"$1,720","$2,730","$570,000",1,0.2,Primarily car-based,0.65,0.8,0.8,0.2,0.5,0.5,Yes,Suburban,Less affordable; car dependent; higher noise,56,Tier 4 - Validate carefully,Premium / higher-cost,Affordability pressure,balanced lifestyle fit,Starter estimate - verify with official sources,Established suburban,Yes,Medium,Commercial/industrial area / Suburban
NE,Applewood Park,0.8,0.5,Sunridge / Marlborough / Airport,0.2,0.5,0.5,0.8,0.8,Newcomers/families,0.8,0.5,0.5,0.2,0.8,0.5,0.5,1,1,1,1,1,0.8,3,2,0,"Diverse, family-oriented",Newcomers/families,"$1,360","$1,870","$390,000",5,0.5,Bus-focused,0.8,0.8,0.8,0.8,0.5,0.5,Yes,Suburban,Higher noise,82,Tier 2 - Good fit,Lower-cost / value-oriented,Crime perception,cultural access,Starter estimate - verify with official sources,Established suburban,Yes,Medium,"Diverse, family-oriented / Suburban"
NE,Bridgeland/Riverside,0.8,0.5,Sunridge / Marlborough / Airport,0.2,0.5,0.2,0.8,0.2,Young professionals,0.8,0.8,0.5,0.8,0.5,0.8,0.5,0.5,0.8,0.8,0.8,0.8,0.8,2,1,1,"Urban, walkable, social",Young professionals,"$1,480","$2,180","$455,000",5,0.65,CTrain & Bus,0.65,0.5,0.8,0.8,0.8,0.5,Yes,Balanced,Higher noise,93,Tier 1 - Strong fit,Lower-cost / value-oriented,Noise / congestion,"walkability, cultural access, family fit",Starter estimate - verify with official sources,Inner-city / walkable,Yes,Medium-High,"Urban, walkable, social / Balanced"
NE,Castleridge,0.8,0.5,Sunridge / Marlborough / Airport,0.2,0.5,0.5,0.8,0.8,Newcomers/families,0.8,0.5,0.5,0.2,0.8,0.5,0.5,1,1,1,1,1,0.8,1,0,0,"Diverse, family-oriented",Newcomers/families,"$1,360","$1,870","$390,000",5,0.5,Bus-focused,0.8,0.8,0.8,0.8,0.5,0.5,Yes,Suburban,Higher noise,82,Tier 2 - Good fit,Lower-cost / value-oriented,Crime perception,cultural access,Starter estimate - verify with official sources,Established suburban,Yes,Medium,"Diverse, family-oriented / Suburban"
NE,Cityscape,0.8,0.5,Airport / Saddletowne / Stoney NE,0.2,0.5,0.5,0.8,0.8,Newcomers/families,0.8,0.5,0.5,0.2,0.8,0.5,0.5,1,1,1,1,1,0.8,3,0,1,"Diverse, family-oriented",Newcomers/families,"$1,360","$1,870","$390,000",5,0.5,Bus-focused,0.8,0.8,0.8,0.8,0.5,0.5,Yes,Suburban,Higher noise,82,Tier 2 - Good fit,Lower-cost / value-oriented,Crime perception,cultural access,Starter estimate - verify with official sources,New suburban / master-planned,Yes,Low-Medium,"Diverse, family-oriented / Suburban"
NE,Coral Springs,0.8,0.5,Sunridge / Marlborough / Airport,0.2,0.5,0.5,0.8,0.8,Newcomers/families,0.8,0.5,0.5,0.2,0.8,0.5,0.8,1,1,1,1,1,0.8,3,0,1,"Diverse, family-oriented",Newcomers/families,"$1,360","$1,870","$390,000",5,0.5,Bus-focused,0.8,0.8,0.8,0.8,0.8,0.5,Yes,Suburban,Higher noise,84,Tier 2 - Good fit,Lower-cost / value-oriented,Crime perception,"green space, cultural access",Starter estimate - verify with official sources,Established suburban,Yes,Medium,"Diverse, family-oriented / Suburban"
NE,Cornerstone,0.8,0.5,Airport / Saddletowne / Stoney NE,0.2,0.5,0.5,0.8,0.8,Newcomers/families,0.8,0.5,0.5,0.2,0.8,0.5,0.8,1,1,1,1,1,0.8,2,2,0,"Diverse, family-oriented",Newcomers/families,"$1,360","$1,870","$390,000",5,0.5,Bus-focused,0.8,0.8,0.8,0.8,0.8,0.5,Yes,Suburban,Higher noise,84,Tier 2 - Good fit,Lower-cost / value-oriented,Crime perception,"green space, cultural access",Starter estimate - verify with official sources,New suburban / master-planned,Yes,Low-Medium,"Diverse, family-oriented / Suburban"
NE,Coventry Hills,0.8,0.5,Sunridge / Marlborough / Airport,0.2,0.5,0.5,0.8,0.8,Newcomers/families,0.8,0.5,0.5,0.2,0.8,0.5,0.5,1,1,1,1,1,0.8,3,1,0,"Diverse, family-oriented",Newcomers/families,"$1,360","$1,870","$390,000",5,0.5,Bus-focused,0.8,0.8,0.8,0.8,0.5,0.5,Yes,Suburban,Higher noise,82,Tier 2 - Good fit,Lower-cost / value-oriented,Crime perception,cultural access,Starter estimate - verify with official sources,Established suburban,Yes,Medium,"Diverse, family-oriented / Suburban"
NE,Falconridge,0.8,0.5,Sunridge / Marlborough / Airport,0.2,0.5,0.5,0.8,0.8,Newcomers/families,0.8,0.5,0.5,0.2,0.8,0.5,0.5,1,1,1,1,1,0.8,2,1,1,"Diverse, family-oriented",Newcomers/families,"$1,360","$1,870","$390,000",5,0.5,Bus-focused,0.8,0.8,0.8,0.8,0.5,0.5,Yes,Suburban,Higher noise,82,Tier 2 - Good fit,Lower-cost / value-oriented,Crime perception,cultural access,Starter estimate - verify with official sources,Established suburban,Yes,Medium,"Diverse, family-oriented / Suburban"
NE,Franklin,0.8,0.5,Sunridge / Marlborough / Airport,0.2,0.2,0.8,0.8,0.8,Workers/Commercial,0.2,0.2,0.2,0.2,0.2,0.2,0.2,0.2,0.2,0.2,0.5,0.5,0.5,0,0,0,Commercial/industrial area,Workers/commuters,"$1,720","$2,730","$570,000",1,0.2,Primarily car-based,0.65,0.8,0.8,0.2,0.5,0.5,Yes,Suburban,Less affordable; car dependent; higher noise,56,Tier 4 - Validate carefully,Premium / higher-cost,Affordability pressure,balanced lifestyle fit,Starter estimate - verify with official sources,Established suburban,Yes,Medium,Commercial/industrial area / Suburban
NE,Harvest Hills,0.8,0.5,Sunridge / Marlborough / Airport,0.2,0.5,0.5,0.8,0.8,Newcomers/families,0.8,0.5,0.5,0.2,0.8,0.5,0.5,1,1,1,1,1,0.8,2,1,1,"Diverse, family-oriented",Newcomers/families,"$1,360","$1,870","$390,000",5,0.5,Bus-focused,0.8,0.8,0.8,0.8,0.5,0.5,Yes,Suburban,Higher noise,82,Tier 2 - Good fit,Lower-cost / value-oriented,Crime perception,cultural access,Starter estimate - verify with official sources,Established suburban,Yes,Medium,"Diverse, family-oriented / Suburban"
NE,Horizon,0.8,0.5,Sunridge / Marlborough / Airport,0.2,0.2,0.8,0.8,0.8,Workers/Commercial,0.2,0.2,0.2,0.2,0.2,0.2,0.2,0.2,0.2,0.2,0.5,0.5,0.5,0,0,0,Commercial/industrial area,Workers/commuters,"$1,720","$2,730","$570,000",1,0.2,Primarily car-based,0.65,0.8,0.8,0.2,0.5,0.5,Yes,Suburban,Less affordable; car dependent; higher noise,56,Tier 4 - Validate carefully,Premium / higher-cost,Affordability pressure,balanced lifestyle fit,Starter estimate - verify with official sources,Established suburban,Yes,Medium,Commercial/industrial area / Suburban
NE,Marlborough,0.8,0.8,Sunridge / Marlborough / Airport,0.2,0.5,0.5,0.8,0.8,Newcomers/families,0.8,0.5,0.5,0.2,0.8,0.5,0.5,1,1,1,1,1,0.8,2,1,1,"Diverse, family-oriented",Newcomers/families,"$1,360","$1,870","$390,000",5,0.5,CTrain & Bus,0.8,0.8,0.8,0.8,0.5,0.5,Yes,Suburban,Higher noise,82,Tier 2 - Good fit,Lower-cost / value-oriented,Crime perception,cultural access,Starter estimate - verify with official sources,Established suburban,Yes,Medium,"Diverse, family-oriented / Suburban"
NE,Marlborough Park,0.8,0.8,Sunridge / Marlborough / Airport,0.2,0.5,0.5,0.8,0.8,Newcomers/families,0.8,0.5,0.5,0.2,0.8,0.5,0.5,1,1,1,1,1,0.8,1,1,0,"Diverse, family-oriented",Newcomers/families,"$1,360","$1,870","$390,000",5,0.5,CTrain & Bus,0.8,0.8,0.8,0.8,0.5,0.5,Yes,Suburban,Higher noise,82,Tier 2 - Good fit,Lower-cost / value-oriented,Crime perception,cultural access,Starter estimate - verify with official sources,Established suburban,Yes,Medium,"Diverse, family-oriented / Suburban"
NE,Martindale,0.8,0.5,Airport / Saddletowne / Stoney NE,0.2,0.5,0.5,0.8,0.8,Newcomers/families,0.8,0.5,0.5,0.2,0.8,0.5,0.8,1,1,1,1,1,0.8,1,0,1,"Diverse, family-oriented",Newcomers/families,"$1,360","$1,870","$390,000",5,0.5,CTrain & Bus,0.8,0.8,0.8,0.8,0.8,0.5,Yes,Suburban,Higher noise,84,Tier 2 - Good fit,Lower-cost / value-oriented,Crime perception,"green space, cultural access",Starter estimate - verify with official sources,Established suburban,Yes,Medium,"Diverse, family-oriented / Suburban"
NE,Mayland Heights,0.8,0.5,Sunridge / Marlborough / Airport,0.2,0.5,0.5,0.8,0.8,Newcomers/families,0.8,0.5,0.5,0.2,0.8,0.5,0.5,1,1,1,1,1,0.8,3,2,1,"Diverse, family-oriented",Newcomers/families,"$1,360","$1,870","$390,000",5,0.5,Bus-focused,0.8,0.8,0.8,0.8,0.5,0.5,Yes,Suburban,Higher noise,82,Tier 2 - Good fit,Lower-cost / value-oriented,Crime perception,cultural access,Starter estimate - verify with official sources,Established suburban,Yes,Medium,"Diverse, family-oriented / Suburban"
NE,McCall,0.8,0.5,Sunridge / Marlborough / Airport,0.2,0.2,0.8,0.8,0.8,Workers/Commercial,0.2,0.2,0.2,0.2,0.2,0.2,0.2,0.2,0.2,0.2,0.5,0.5,0.5,0,0,0,Commercial/industrial area,Workers/commuters,"$1,720","$2,730","$570,000",1,0.2,Primarily car-based,0.65,0.8,0.8,0.2,0.5,0.5,Yes,Suburban,Less affordable; car dependent; higher noise,56,Tier 4 - Validate carefully,Premium / higher-cost,Affordability pressure,balanced lifestyle fit,Starter estimate - verify with official sources,Established suburban,Yes,Medium,Commercial/industrial area / Suburban
NE,Meridian,0.8,0.5,Sunridge / Marlborough / Airport,0.2,0.2,0.8,0.8,0.8,Workers/Commercial,0.2,0.2,0.2,0.2,0.2,0.2,0.2,0.2,0.2,0.2,0.5,0.5,0.5,0,0,0,Commercial/industrial area,Workers/commuters,"$1,720","$2,730","$570,000",1,0.2,Primarily car-based,0.65,0.8,0.8,0.2,0.5,0.5,Yes,Suburban,Less affordable; car dependent; higher noise,56,Tier 4 - Validate carefully,Premium / higher-cost,Affordability pressure,balanced lifestyle fit,Starter estimate - verify with official sources,Established suburban,Yes,Medium,Commercial/industrial area / Suburban
NE,Monterey Park,0.8,0.5,Sunridge / Marlborough / Airport,0.2,0.5,0.5,0.8,0.8,Newcomers/families,0.8,0.5,0.5,0.2,0.8,0.5,0.5,1,1,1,1,1,0.8,3,2,0,"Diverse, family-oriented",Newcomers/families,"$1,360","$1,870","$390,000",5,0.5,Bus-focused,0.8,0.8,0.8,0.8,0.5,0.5,Yes,Suburban,Higher noise,82,Tier 2 - Good fit,Lower-cost / value-oriented,Crime perception,cultural access,Starter estimate - verify with official sources,Established suburban,Yes,Medium,"Diverse, family-oriented / Suburban"
NE,Pegasus,0.8,0.5,Sunridge / Marlborough / Airport,0.2,0.2,0.8,0.8,0.8,Workers/Commercial,0.2,0.2,0.2,0.2,0.2,0.2,0.2,0.2,0.2,0.2,0.5,0.5,0.5,0,0,0,Commercial/industrial area,Workers/commuters,"$1,720","$2,730","$570,000",1,0.2,Primarily car-based,0.65,0.8,0.8,0.2,0.5,0.5,Yes,Suburban,Less affordable; car dependent; higher noise,56,Tier 4 - Validate carefully,Premium / higher-cost,Affordability pressure,balanced lifestyle fit,Starter estimate - verify with official sources,Established suburban,Yes,Medium,Commercial/industrial area / Suburban
NE,Pineridge,0.8,0.5,Sunridge / Marlborough / Airport,0.2,0.5,0.5,0.8,0.8,Newcomers/families,0.8,0.5,0.5,0.2,0.8,0.5,0.5,1,1,1,1,1,0.8,1,2,1,"Diverse, family-oriented",Newcomers/families,"$1,360","$1,870","$390,000",5,0.5,Bus-focused,0.8,0.8,0.8,0.8,0.5,0.5,Yes,Suburban,Higher noise,82,Tier 2 - Good fit,Lower-cost / value-oriented,Crime perception,cultural access,Starter estimate - verify with official sources,Established suburban,Yes,Medium,"Diverse, family-oriented / Suburban"
NE,Redstone,0.8,0.5,Airport / Saddletowne / Stoney NE,0.2,0.5,0.5,0.8,0.8,Newcomers/families,0.8,0.5,0.5,0.2,0.8,0.5,0.8,1,1,1,1,1,0.8,3,2,1,"Diverse, family-oriented",Newcomers/families,"$1,360","$1,870","$390,000",5,0.5,Bus-focused,0.8,0.8,0.8,0.8,0.8,0.5,Yes,Suburban,Higher noise,84,Tier 2 - Good fit,Lower-cost / value-oriented,Crime perception,"green space, cultural access",Starter estimate - verify with official sources,New suburban / master-planned,Yes,Low-Medium,"Diverse, family-oriented / Suburban"
NE,Renfrew,0.8,0.5,Sunridge / Marlborough / Airport,0.2,0.5,0.5,0.8,0.8,Newcomers/families,0.8,0.5,0.5,0.2,0.8,0.5,0.5,1,1,1,1,1,0.8,3,1,0,"Diverse, family-oriented",Newcomers/families,"$1,360","$1,870","$390,000",5,0.5,Bus-focused,0.8,0.8,0.8,0.8,0.5,0.5,Yes,Suburban,Higher noise,82,Tier 2 - Good fit,Lower-cost / value-oriented,Crime perception,cultural access,Starter estimate - verify with official sources,Established suburban,Yes,Medium,"Diverse, family-oriented / Suburban"
NE,Rundle,0.8,0.8,Sunridge / Marlborough / Airport,0.2,0.5,0.5,0.8,0.8,Newcomers/families,0.8,0.5,0.5,0.2,0.8,0.5,0.5,1,1,1,1,1,0.8,1,2,1,"Diverse, family-oriented",Newcomers/families,"$1,360","$1,870","$390,000",5,0.5,CTrain & Bus,0.8,0.8,0.8,0.8,0.5,0.5,Yes,Suburban,Higher noise,82,Tier 2 - Good fit,Lower-cost / value-oriented,Crime perception,cultural access,Starter estimate - verify with official sources,Established suburban,Yes,Medium,"Diverse, family-oriented / Suburban"
NE,Saddle Ridge,0.8,0.5,Airport / Saddletowne / Stoney NE,0.2,0.5,0.5,0.8,0.8,Newcomers/families,0.8,0.5,0.5,0.2,0.8,0.5,0.8,1,1,1,1,1,0.8,1,0,0,"Diverse, family-oriented",Newcomers/families,"$1,360","$1,870","$390,000",5,0.5,CTrain & Bus,0.8,0.8,0.8,0.8,0.8,0.5,Yes,Suburban,Higher noise,84,Tier 2 - Good fit,Lower-cost / value-oriented,Crime perception,"green space, cultural access",Starter estimate - verify with official sources,Established suburban,Yes,Medium,"Diverse, family-oriented / Suburban"
NE,Saddle Ridge Industrial,0.8,0.5,Airport / Saddletowne / Stoney NE,0.2,0.2,0.8,0.8,0.8,Workers/Commercial,0.2,0.2,0.2,0.2,0.2,0.2,0.2,0.2,0.2,0.2,0.5,0.5,0.5,0,0,0,Commercial/industrial area,Workers/commuters,"$1,720","$2,730","$570,000",1,0.2,CTrain & Bus,0.65,0.8,0.8,0.2,0.5,0.5,Yes,Suburban,Less affordable; car dependent; higher noise,56,Tier 4 - Validate carefully,Premium / higher-cost,Affordability pressure,balanced lifestyle fit,Starter estimate - verify with official sources,Established suburban,Yes,Medium,Commercial/industrial area / Suburban
NE,Skyview Ranch,0.8,0.5,Airport / Saddletowne / Stoney NE,0.2,0.5,0.5,0.8,0.8,Newcomers/families,0.8,0.5,0.5,0.2,0.8,0.5,0.8,1,1,1,1,1,0.8,1,2,0,"Diverse, family-oriented",Newcomers/families,"$1,360","$1,870","$390,000",5,0.5,Bus-focused,0.8,0.8,0.8,0.8,0.8,0.5,Yes,Suburban,Higher noise,84,Tier 2 - Good fit,Lower-cost / value-oriented,Crime perception,"green space, cultural access",Starter estimate - verify with official sources,New suburban / master-planned,Yes,Low-Medium,"Diverse, family-oriented / Suburban"
NE,Stoney 1,0.8,0.5,Sunridge / Marlborough / Airport,0.2,0.2,0.8,0.8,0.8,Workers/Commercial,0.2,0.2,0.2,0.2,0.2,0.2,0.2,0.2,0.2,0.2,0.5,0.5,0.5,0,0,0,Commercial/industrial area,Workers/commuters,"$1,720","$2,730","$570,000",1,0.2,Primarily car-based,0.65,0.8,0.8,0.2,0.5,0.5,Yes,Suburban,Less affordable; car dependent; higher noise,56,Tier 4 - Validate carefully,Premium / higher-cost,Affordability pressure,balanced lifestyle fit,Starter estimate - verify with official sources,Established suburban,Yes,Medium,Commercial/industrial area / Suburban
NE,Stoney 2,0.8,0.5,Sunridge / Marlborough / Airport,0.2,0.2,0.8,0.8,0.8,Workers/Commercial,0.2,0.2,0.2,0.2,0.2,0.2,0.2,0.2,0.2,0.2,0.5,0.5,0.5,0,0,0,Commercial/industrial area,Workers/commuters,"$1,720","$2,730","$570,000",1,0.2,Primarily car-based,0.65,0.8,0.8,0.2,0.5,0.5,Yes,Suburban,Less affordable; car dependent; higher noise,56,Tier 4 - Validate carefully,Premium / higher-cost,Affordability pressure,balanced lifestyle fit,Starter estimate - verify with official sources,Established suburban,Yes,Medium,Commercial/industrial area / Suburban
NE,Stoney 3,0.8,0.5,Sunridge / Marlborough / Airport,0.2,0.2,0.8,0.8,0.8,Workers/Commercial,0.2,0.2,0.2,0.2,0.2,0.2,0.2,0.2,0.2,0.2,0.5,0.5,0.5,0,0,0,Commercial/industrial area,Workers/commuters,"$1,720","$2,730","$570,000",1,0.2,Primarily car-based,0.65,0.8,0.8,0.2,0.5,0.5,Yes,Suburban,Less affordable; car dependent; higher noise,56,Tier 4 - Validate carefully,Premium / higher-cost,Affordability pressure,balanced lifestyle fit,Starter estimate - verify with official sources,Established suburban,Yes,Medium,Commercial/industrial area / Suburban
NE,Stoney 4,0.8,0.5,Sunridge / Marlborough / Airport,0.2,0.2,0.8,0.8,0.8,Workers/Commercial,0.2,0.2,0.2,0.2,0.2,0.2,0.2,0.2,0.2,0.2,0.5,0.5,0.5,0,0,0,Commercial/industrial area,Workers/commuters,"$1,720","$2,730","$570,000",1,0.2,Primarily car-based,0.65,0.8,0.8,0.2,0.5,0.5,Yes,Suburban,Less affordable; car dependent; higher noise,56,Tier 4 - Validate carefully,Premium / higher-cost,Affordability pressure,balanced lifestyle fit,Starter estimate - verify with official sources,Established suburban,Yes,Medium,Commercial/industrial area / Suburban
NE,Stoney 5,0.8,0.5,Sunridge / Marlborough / Airport,0.2,0.2,0.8,0.8,0.8,Workers/Commercial,0.2,0.2,0.2,0.2,0.2,0.2,0.2,0.2,0.2,0.2,0.5,0.5,0.5,0,0,0,Commercial/industrial area,Workers/commuters,"$1,720","$2,730","$570,000",1,0.2,Primarily car-based,0.65,0.8,0.8,0.2,0.5,0.5,Yes,Suburban,Less affordable; car dependent; higher noise,56,Tier 4 - Validate carefully,Premium / higher-cost,Affordability pressure,balanced lifestyle fit,Starter estimate - verify with official sources,Established suburban,Yes,Medium,Commercial/industrial area / Suburban
NE,Sunridge,0.8,0.5,Sunridge / Marlborough / Airport,0.2,0.2,0.8,0.8,0.8,Workers/Commercial,0.2,0.2,0.2,0.2,0.2,0.2,0.2,0.2,0.2,0.2,0.5,0.5,0.5,0,0,0,Commercial/industrial area,Workers/commuters,"$1,720","$2,730","$570,000",1,0.2,Primarily car-based,0.65,0.8,0.8,0.2,0.5,0.5,Yes,Suburban,Less affordable; car dependent; higher noise,56,Tier 4 - Validate carefully,Premium / higher-cost,Affordability pressure,balanced lifestyle fit,Starter estimate - verify with official sources,Established suburban,Yes,Medium,Commercial/industrial area / Suburban
NE,Taradale,0.8,0.5,Airport / Saddletowne / Stoney NE,0.2,0.5,0.5,0.8,0.8,Newcomers/families,0.8,0.5,0.5,0.2,0.8,0.5,0.8,1,1,1,1,1,0.8,2,2,0,"Diverse, family-oriented",Newcomers/families,"$1,360","$1,870","$390,000",5,0.5,Bus-focused,0.8,0.8,0.8,0.8,0.8,0.5,Yes,Suburban,Higher noise,84,Tier 2 - Good fit,Lower-cost / value-oriented,Crime perception,"green space, cultural access",Starter estimate - verify with official sources,Established suburban,Yes,Medium,"Diverse, family-oriented / Suburban"
NE,Temple,0.8,0.5,Sunridge / Marlborough / Airport,0.2,0.5,0.5,0.8,0.8,Newcomers/families,0.8,0.5,0.5,0.2,0.8,0.5,0.5,1,1,1,1,1,0.8,1,1,0,"Diverse, family-oriented",Newcomers/families,"$1,360","$1,870","$390,000",5,0.5,Bus-focused,0.8,0.8,0.8,0.8,0.5,0.5,Yes,Suburban,Higher noise,82,Tier 2 - Good fit,Lower-cost / value-oriented,Crime perception,cultural access,Starter estimate - verify with official sources,Established suburban,Yes,Medium,"Diverse, family-oriented / Suburban"
NE,Vista Heights,0.8,0.5,Sunridge / Marlborough / Airport,0.2,0.5,0.5,0.8,0.8,Newcomers/families,0.8,0.5,0.5,0.2,0.8,0.5,0.5,1,1,1,1,1,0.8,1,2,1,"Diverse, family-oriented",Newcomers/families,"$1,360","$1,870","$390,000",5,0.5,Bus-focused,0.8,0.8,0.8,0.8,0.5,0.5,Yes,Suburban,Higher noise,82,Tier 2 - Good fit,Lower-cost / value-oriented,Crime perception,cultural access,Starter estimate - verify with official sources,Established suburban,Yes,Medium,"Diverse, family-oriented / Suburban"
NE,Whitehorn,0.8,0.8,Sunridge / Marlborough / Airport,0.2,0.5,0.5,0.8,0.8,Newcomers/families,0.8,0.5,0.5,0.2,0.8,0.5,0.5,1,1,1,1,1,0.8,1,2,0,"Diverse, family-oriented",Newcomers/families,"$1,360","$1,870","$390,000",5,0.5,CTrain & Bus,0.8,0.8,0.8,0.8,0.5,0.5,Yes,Suburban,Higher noise,82,Tier 2 - Good fit,Lower-cost / value-oriented,Crime perception,cultural access,Starter estimate - verify with official sources,Established suburban,Yes,Medium,"Diverse, family-oriented / Suburban"
NE,Winston Heights/Mountview,0.8,0.5,Sunridge / Marlborough / Airport,0.2,0.5,0.5,0.8,0.8,Newcomers/families,0.8,0.5,0.5,0.2,0.8,0.5,0.5,1,1,1,1,1,0.8,3,2,1,"Diverse, family-oriented",Newcomers/families,"$1,360","$1,870","$390,000",5,0.5,Bus-focused,0.8,0.8,0.8,0.8,0.5,0.5,Yes,Suburban,Higher noise,82,Tier 2 - Good fit,Lower-cost / value-oriented,Crime perception,cultural access,Starter estimate - verify with official sources,Established suburban,Yes,Medium,"Diverse, family-oriented / Suburban"
SE,Acadia,0.2,0.5,Deerfoot Meadows / South Calgary,0.2,0.5,0.5,0.5,0.5,Mixed households,0.5,0.5,0.5,0.5,0.5,0.5,0.5,0.5,0.5,0.5,0.2,0.2,0.5,0,0,1,Established mixed community,Mixed residents,"$1,750","$2,920","$610,000",3,0.5,Bus-focused,0.2,0.8,0.5,0.5,0.5,0.5,Yes,Suburban,Balanced but verify fit,78,Tier 2 - Good fit,Mid-market,Limited major risk in starter model,balanced lifestyle fit,Starter estimate - verify with official sources,Established suburban,Yes,Medium,Established mixed community / Suburban
SE,Alyth/Bonnybrook,0.2,0.5,Deerfoot Meadows / South Calgary,0.2,0.2,0.8,0.2,0.8,Workers/Commercial,0.2,0.2,0.2,0.2,0.2,0.2,0.2,0.2,0.2,0.2,0.2,0.2,0.5,0,0,0,Commercial/industrial area,Workers/commuters,"$1,870","$3,260","$680,000",1,0.2,Primarily car-based,0.2,0.8,Medium-Low,0.2,0.5,0.2,Yes,Suburban,Less affordable; car dependent; limited transit,56,Tier 4 - Validate carefully,Premium / higher-cost,Affordability pressure,balanced lifestyle fit,Starter estimate - verify with official sources,Established suburban,Yes,Medium,Commercial/industrial area / Suburban
SE,Auburn Bay,0.2,0.8,Seton / South Health Campus,0.5,0.5,0.2,0.5,0.8,Families,0.5,0.5,0.8,0.2,0.8,0.5,0.8,0.5,0.5,0.5,0.2,0.2,0.5,1,1,1,"Suburban, family-focused",Families,"$1,750","$2,920","$610,000",3,0.5,CTrain & Bus,0.8,0.8,0.5,0.8,0.8,0.8,Yes,Suburban,Higher noise,81,Tier 2 - Good fit,Mid-market,Crime perception,"transit, green space, student access",Starter estimate - verify with official sources,New suburban / master-planned,Yes,Low-Medium,"Suburban, family-focused / Suburban"
SE,Belvedere,0.2,0.5,Deerfoot Meadows / South Calgary,0.2,0.5,0.5,0.5,0.5,Mixed households,0.5,0.5,0.5,0.5,0.5,0.5,0.5,0.5,0.5,0.5,0.2,0.2,0.5,1,0,0,Established mixed community,Mixed residents,"$1,750","$2,920","$610,000",3,0.5,Bus-focused,0.2,0.8,0.5,0.5,0.5,0.5,Yes,Suburban,Balanced but verify fit,78,Tier 2 - Good fit,Mid-market,Limited major risk in starter model,balanced lifestyle fit,Starter estimate - verify with official sources,Established suburban,Yes,Medium,Established mixed community / Suburban
SE,Chaparral,0.2,0.5,Seton / South Health Campus,0.5,0.5,0.2,0.5,0.8,Families,0.5,0.5,0.8,0.2,0.8,0.5,0.8,0.5,0.5,0.5,0.2,0.2,0.5,1,1,0,"Suburban, family-focused",Families,"$1,750","$2,920","$610,000",3,0.5,CTrain & Bus,0.8,0.8,0.5,0.8,0.8,0.8,Yes,Suburban,Higher noise,81,Tier 2 - Good fit,Mid-market,Crime perception,"transit, green space, student access",Starter estimate - verify with official sources,Established suburban,Yes,Medium,"Suburban, family-focused / Suburban"
SE,Copperfield,0.2,0.5,Deerfoot Meadows / South Calgary,0.5,0.5,0.2,0.5,0.8,Families,0.5,0.5,0.8,0.2,0.8,0.5,0.8,0.5,0.5,0.5,0.2,0.2,0.5,1,0,0,"Suburban, family-focused",Families,"$1,750","$2,920","$610,000",3,0.5,CTrain & Bus,0.8,0.8,0.5,0.8,0.8,0.8,Yes,Suburban,Higher noise,81,Tier 2 - Good fit,Mid-market,Crime perception,"transit, green space, student access",Starter estimate - verify with official sources,Established suburban,Yes,Medium,"Suburban, family-focused / Suburban"
SE,Cranston,0.2,0.8,Seton / South Health Campus,0.5,0.5,0.2,0.5,0.8,Families,0.5,0.5,0.8,0.2,0.8,0.5,0.8,0.5,0.5,0.5,0.2,0.2,0.5,1,0,1,"Suburban, family-focused",Families,"$1,750","$2,920","$610,000",3,0.5,CTrain & Bus,0.8,0.8,0.5,0.8,0.8,0.8,Yes,Suburban,Higher noise,81,Tier 2 - Good fit,Mid-market,Crime perception,"transit, green space, student access",Starter estimate - verify with official sources,Established suburban,Yes,Medium,"Suburban, family-focused / Suburban"
SE,Deer Ridge,0.2,0.5,Deerfoot Meadows / South Calgary,0.2,0.5,0.5,0.5,0.5,Mixed households,0.5,0.5,0.5,0.5,0.5,0.5,0.5,0.5,0.5,0.5,0.2,0.2,0.5,0,0,1,Established mixed community,Mixed residents,"$1,750","$2,920","$610,000",3,0.5,Bus-focused,0.2,0.8,0.5,0.5,0.5,0.5,Yes,Suburban,Balanced but verify fit,78,Tier 2 - Good fit,Mid-market,Limited major risk in starter model,balanced lifestyle fit,Starter estimate - verify with official sources,Established suburban,Yes,Medium,Established mixed community / Suburban
SE,Deer Run,0.2,0.5,Deerfoot Meadows / South Calgary,0.2,0.5,0.5,0.5,0.5,Mixed households,0.5,0.5,0.5,0.5,0.5,0.5,0.5,0.5,0.5,0.5,0.2,0.2,0.5,2,1,0,Established mixed community,Mixed residents,"$1,750","$2,920","$610,000",3,0.5,Bus-focused,0.2,0.8,0.5,0.5,0.5,0.5,Yes,Suburban,Balanced but verify fit,78,Tier 2 - Good fit,Mid-market,Limited major risk in starter model,balanced lifestyle fit,Starter estimate - verify with official sources,Established suburban,Yes,Medium,Established mixed community / Suburban
SE,Diamond Cove,0.2,0.5,Deerfoot Meadows / South Calgary,0.2,0.5,0.5,0.5,0.5,Mixed households,0.5,0.5,0.5,0.5,0.5,0.5,0.5,0.5,0.5,0.5,0.2,0.2,0.5,1,0,1,Established mixed community,Mixed residents,"$1,750","$2,920","$610,000",3,0.5,Bus-focused,0.2,0.8,0.5,0.5,0.5,0.5,Yes,Suburban,Balanced but verify fit,78,Tier 2 - Good fit,Mid-market,Limited major risk in starter model,balanced lifestyle fit,Starter estimate - verify with official sources,Established suburban,Yes,Medium,Established mixed community / Suburban
SE,Douglasdale/Glen,0.2,0.5,Deerfoot Meadows / South Calgary,0.2,0.5,0.5,0.5,0.5,Mixed households,0.5,0.5,0.5,0.5,0.5,0.5,0.5,0.5,0.5,0.5,0.2,0.2,0.5,2,1,0,Established mixed community,Mixed residents,"$1,750","$2,920","$610,000",3,0.5,Bus-focused,0.2,0.8,0.5,0.5,0.5,0.5,Yes,Suburban,Balanced but verify fit,78,Tier 2 - Good fit,Mid-market,Limited major risk in starter model,balanced lifestyle fit,Starter estimate - verify with official sources,Established suburban,Yes,Medium,Established mixed community / Suburban
SE,Dover,0.2,0.5,Inglewood / International Avenue,0.2,0.5,0.5,0.8,0.8,Newcomers/families,0.8,0.5,0.5,0.2,0.8,0.5,0.5,1,1,1,1,1,0.8,2,1,0,"Diverse, family-oriented",Newcomers/families,"$1,510","$2,400","$500,000",5,0.5,Bus-focused,0.8,0.8,0.8,0.8,0.5,0.5,Yes,Suburban,Higher noise,82,Tier 2 - Good fit,Lower-cost / value-oriented,Crime perception,cultural access,Starter estimate - verify with official sources,Established suburban,Yes,Medium,"Diverse, family-oriented / Suburban"
SE,Eastfield,0.2,0.5,Deerfoot Meadows / South Calgary,0.2,0.2,0.8,0.2,0.8,Workers/Commercial,0.2,0.2,0.2,0.2,0.2,0.2,0.2,0.2,0.2,0.2,0.2,0.2,0.5,0,0,0,Commercial/industrial area,Workers/commuters,"$1,870","$3,260","$680,000",1,0.2,Primarily car-based,0.2,0.8,Medium-Low,0.2,0.5,0.2,Yes,Suburban,Less affordable; car dependent; limited transit,56,Tier 4 - Validate carefully,Premium / higher-cost,Affordability pressure,balanced lifestyle fit,Starter estimate - verify with official sources,Established suburban,Yes,Medium,Commercial/industrial area / Suburban
SE,Erin Woods,0.2,0.5,Deerfoot Meadows / South Calgary,0.2,0.5,0.5,0.5,0.5,Mixed households,0.5,0.5,0.5,0.5,0.5,0.5,0.5,0.5,0.5,0.5,0.2,0.2,0.5,0,0,0,Established mixed community,Mixed residents,"$1,750","$2,920","$610,000",3,0.5,Bus-focused,0.2,0.8,0.5,0.5,0.5,0.5,Yes,Suburban,Balanced but verify fit,78,Tier 2 - Good fit,Mid-market,Limited major risk in starter model,balanced lifestyle fit,Starter estimate - verify with official sources,Established suburban,Yes,Medium,Established mixed community / Suburban
SE,Fairview,0.2,0.5,Deerfoot Meadows / South Calgary,0.2,0.5,0.5,0.5,0.5,Mixed households,0.5,0.5,0.5,0.5,0.5,0.5,0.5,0.5,0.5,0.5,0.2,0.2,0.5,0,0,0,Established mixed community,Mixed residents,"$1,750","$2,920","$610,000",3,0.5,Bus-focused,0.2,0.8,0.5,0.5,0.5,0.5,Yes,Suburban,Balanced but verify fit,78,Tier 2 - Good fit,Mid-market,Limited major risk in starter model,balanced lifestyle fit,Starter estimate - verify with official sources,Established suburban,Yes,Medium,Established mixed community / Suburban
SE,Foothills,0.2,0.5,Deerfoot Meadows / South Calgary,0.2,0.2,0.8,0.2,0.8,Workers/Commercial,0.2,0.2,0.2,0.2,0.2,0.2,0.2,0.2,0.2,0.2,0.2,0.2,0.5,0,0,0,Commercial/industrial area,Workers/commuters,"$1,870","$3,260","$680,000",1,0.2,Primarily car-based,0.2,0.8,Medium-Low,0.2,0.5,0.2,Yes,Suburban,Less affordable; car dependent; limited transit,56,Tier 4 - Validate carefully,Premium / higher-cost,Affordability pressure,balanced lifestyle fit,Starter estimate - verify with official sources,Established suburban,Yes,Medium,Commercial/industrial area / Suburban
SE,Forest Lawn,0.2,0.8,Inglewood / International Avenue,0.2,0.5,0.5,0.8,0.8,Newcomers/families,0.8,0.5,0.5,0.2,0.8,0.5,0.5,1,1,1,1,1,0.8,2,0,0,"Diverse, family-oriented",Newcomers/families,"$1,510","$2,400","$500,000",5,0.5,Bus-focused,0.8,0.8,0.8,0.8,0.5,0.5,Yes,Suburban,Higher noise,82,Tier 2 - Good fit,Lower-cost / value-oriented,Crime perception,cultural access,Starter estimate - verify with official sources,Established suburban,Yes,Medium,"Diverse, family-oriented / Suburban"
SE,Glenbrook,0.2,0.8,Deerfoot Meadows / South Calgary,0.2,0.5,0.5,0.5,0.5,Mixed households,0.5,0.5,0.5,0.5,0.5,0.5,0.5,0.5,0.5,0.5,0.2,0.2,0.5,2,1,1,Established mixed community,Mixed residents,"$1,750","$2,920","$610,000",3,0.5,Bus-focused,0.2,0.8,0.5,0.5,0.5,0.5,Yes,Suburban,Balanced but verify fit,78,Tier 2 - Good fit,Mid-market,Limited major risk in starter model,balanced lifestyle fit,Starter estimate - verify with official sources,Established suburban,Yes,Medium,Established mixed community / Suburban
SE,Great Plains,0.2,0.5,Deerfoot Meadows / South Calgary,0.2,0.2,0.8,0.2,0.8,Workers/Commercial,0.2,0.2,0.2,0.2,0.2,0.2,0.2,0.2,0.2,0.2,0.2,0.2,0.5,0,0,0,Commercial/industrial area,Workers/commuters,"$1,870","$3,260","$680,000",1,0.2,Primarily car-based,0.2,0.8,Medium-Low,0.2,0.5,0.2,Yes,Suburban,Less affordable; car dependent; limited transit,56,Tier 4 - Validate carefully,Premium / higher-cost,Affordability pressure,balanced lifestyle fit,Starter estimate - verify with official sources,Established suburban,Yes,Medium,Commercial/industrial area / Suburban
SE,Haysboro,0.2,0.5,Deerfoot Meadows / South Calgary,0.2,0.5,0.5,0.5,0.5,Mixed households,0.5,0.5,0.5,0.5,0.5,0.5,0.5,0.5,0.5,0.5,0.2,0.2,0.5,0,1,0,Established mixed community,Mixed residents,"$1,750","$2,920","$610,000",3,0.5,Bus-focused,0.2,0.8,0.5,0.5,0.5,0.5,Yes,Suburban,Balanced but verify fit,78,Tier 2 - Good fit,Mid-market,Limited major risk in starter model,balanced lifestyle fit,Starter estimate - verify with official sources,Established suburban,Yes,Medium,Established mixed community / Suburban
SE,Hotchkiss,0.2,0.5,Deerfoot Meadows / South Calgary,0.2,0.5,0.5,0.5,0.5,Mixed households,0.5,0.5,0.5,0.5,0.5,0.5,0.5,0.5,0.5,0.5,0.2,0.2,0.5,1,1,1,Established mixed community,Mixed residents,"$1,750","$2,920","$610,000",3,0.5,Bus-focused,0.2,0.8,0.5,0.5,0.5,0.5,Yes,Suburban,Balanced but verify fit,78,Tier 2 - Good fit,Mid-market,Limited major risk in starter model,balanced lifestyle fit,Starter estimate - verify with official sources,Established suburban,Yes,Medium,Established mixed community / Suburban
SE,Inglewood,0.2,0.5,Inglewood / International Avenue,0.2,0.5,0.2,0.8,0.2,Young professionals,0.8,0.8,0.5,0.8,0.5,0.8,0.5,0.5,0.8,0.8,0.8,0.8,0.8,2,1,1,"Urban, walkable, social",Young professionals,"$1,630","$2,710","$565,000",5,0.65,Bus-focused,0.5,0.5,0.8,0.8,0.8,0.5,Yes,Balanced,Balanced but verify fit,93,Tier 1 - Strong fit,Lower-cost / value-oriented,Limited major risk in starter model,"walkability, cultural access, family fit",Starter estimate - verify with official sources,Inner-city / walkable,Yes,Medium-High,"Urban, walkable, social / Balanced"
SE,Legacy,0.2,0.5,Seton / South Health Campus,0.5,0.5,0.2,0.5,0.8,Families,0.5,0.5,0.8,0.2,0.8,0.5,0.8,0.5,0.5,0.5,0.2,0.2,0.5,2,0,1,"Suburban, family-focused",Families,"$1,750","$2,920","$610,000",3,0.5,CTrain & Bus,0.8,0.8,0.5,0.8,0.8,0.8,Yes,Suburban,Higher noise,81,Tier 2 - Good fit,Mid-market,Crime perception,"transit, green space, student access",Starter estimate - verify with official sources,New suburban / master-planned,Yes,Low-Medium,"Suburban, family-focused / Suburban"
SE,Mahogany,0.2,0.8,Seton / South Health Campus,0.5,0.5,0.2,0.5,0.8,Affluent families/professionals,0.2,0.5,0.8,0.2,0.8,0.5,0.8,0.5,0.5,0.5,0.2,0.2,0.5,2,0,0,"Upscale, quiet, residential",Families/professionals,"$1,990","$3,450","$720,000",1,0.5,CTrain & Bus,0.8,0.8,0.5,0.8,0.8,0.8,Yes,Suburban,Less affordable; higher noise,78,Tier 2 - Good fit,Premium / higher-cost,Affordability pressure,"transit, green space, student access",Starter estimate - verify with official sources,New suburban / master-planned,Yes,Low-Medium,"Upscale, quiet, residential / Suburban"
SE,Manchester Industrial,0.2,0.5,Deerfoot Meadows / South Calgary,0.2,0.2,0.8,0.2,0.8,Workers/Commercial,0.2,0.2,0.2,0.2,0.2,0.2,0.2,0.2,0.2,0.2,0.2,0.2,0.5,0,0,0,Commercial/industrial area,Workers/commuters,"$1,870","$3,260","$680,000",1,0.2,Primarily car-based,0.2,0.8,Medium-Low,0.2,0.5,0.2,Yes,Suburban,Less affordable; car dependent; limited transit,56,Tier 4 - Validate carefully,Premium / higher-cost,Affordability pressure,balanced lifestyle fit,Starter estimate - verify with official sources,Established suburban,Yes,Medium,Commercial/industrial area / Suburban
SE,Maple Ridge,0.2,0.5,Deerfoot Meadows / South Calgary,0.2,0.5,0.5,0.5,0.5,Mixed households,0.5,0.5,0.5,0.5,0.5,0.5,0.5,0.5,0.5,0.5,0.2,0.2,0.5,2,0,1,Established mixed community,Mixed residents,"$1,750","$2,920","$610,000",3,0.5,Bus-focused,0.2,0.8,0.5,0.5,0.5,0.5,Yes,Suburban,Balanced but verify fit,78,Tier 2 - Good fit,Mid-market,Limited major risk in starter model,balanced lifestyle fit,Starter estimate - verify with official sources,Established suburban,Yes,Medium,Established mixed community / Suburban
SE,Mayfair,0.2,0.5,Deerfoot Meadows / South Calgary,0.2,0.5,0.5,0.5,0.5,Mixed households,0.5,0.5,0.5,0.5,0.5,0.5,0.5,0.5,0.5,0.5,0.2,0.2,0.5,2,0,1,Established mixed community,Mixed residents,"$1,750","$2,920","$610,000",3,0.5,Bus-focused,0.2,0.8,0.5,0.5,0.5,0.5,Yes,Suburban,Balanced but verify fit,78,Tier 2 - Good fit,Mid-market,Limited major risk in starter model,balanced lifestyle fit,Starter estimate - verify with official sources,Established suburban,Yes,Medium,Established mixed community / Suburban
SE,McKenzie Lake,0.2,0.5,Deerfoot Meadows / South Calgary,0.5,0.5,0.2,0.5,0.8,Families,0.5,0.5,0.8,0.2,0.8,0.5,0.8,0.5,0.5,0.5,0.2,0.2,0.5,1,2,0,"Suburban, family-focused",Families,"$1,750","$2,920","$610,000",3,0.5,CTrain & Bus,0.8,0.8,0.5,0.8,0.8,0.8,Yes,Suburban,Higher noise,81,Tier 2 - Good fit,Mid-market,Crime perception,"transit, green space, student access",Starter estimate - verify with official sources,Established suburban,Yes,Medium,"Suburban, family-focused / Suburban"
SE,McKenzie Towne,0.2,0.5,Deerfoot Meadows / South Calgary,0.5,0.5,0.2,0.5,0.8,Families,0.5,0.5,0.8,0.2,0.8,0.5,0.8,0.5,0.5,0.5,0.2,0.2,0.5,1,1,1,"Suburban, family-focused",Families,"$1,750","$2,920","$610,000",3,0.5,CTrain & Bus,0.8,0.8,0.5,0.8,0.8,0.8,Yes,Suburban,Higher noise,81,Tier 2 - Good fit,Mid-market,Crime perception,"transit, green space, student access",Starter estimate - verify with official sources,Established suburban,Yes,Medium,"Suburban, family-focused / Suburban"
SE,Meadowlark Park,0.2,0.5,Deerfoot Meadows / South Calgary,0.2,0.5,0.5,0.5,0.5,Mixed households,0.5,0.5,0.5,0.5,0.5,0.5,0.5,0.5,0.5,0.5,0.2,0.2,0.5,0,0,1,Established mixed community,Mixed residents,"$1,750","$2,920","$610,000",3,0.5,Bus-focused,0.2,0.8,0.5,0.5,0.5,0.5,Yes,Suburban,Balanced but verify fit,78,Tier 2 - Good fit,Mid-market,Limited major risk in starter model,balanced lifestyle fit,Starter estimate - verify with official sources,Established suburban,Yes,Medium,Established mixed community / Suburban
SE,New Brighton,0.2,0.5,Deerfoot Meadows / South Calgary,0.5,0.5,0.2,0.5,0.8,Families,0.5,0.5,0.8,0.2,0.8,0.5,0.8,0.5,0.5,0.5,0.2,0.2,0.5,3,2,1,"Suburban, family-focused",Families,"$1,750","$2,920","$610,000",3,0.5,CTrain & Bus,0.8,0.8,0.5,0.8,0.8,0.8,Yes,Suburban,Higher noise,81,Tier 2 - Good fit,Mid-market,Crime perception,"transit, green space, student access",Starter estimate - verify with official sources,Established suburban,Yes,Medium,"Suburban, family-focused / Suburban"
SE,Ogden,0.2,0.5,Inglewood / International Avenue,0.2,0.5,0.5,0.5,0.5,Mixed households,0.5,0.5,0.5,0.5,0.5,0.5,0.5,0.5,0.5,0.5,0.2,0.2,0.5,2,0,1,Established mixed community,Mixed residents,"$1,750","$2,920","$610,000",3,0.5,Bus-focused,0.2,0.8,0.5,0.5,0.5,0.5,Yes,Suburban,Balanced but verify fit,78,Tier 2 - Good fit,Mid-market,Limited major risk in starter model,balanced lifestyle fit,Starter estimate - verify with official sources,Established suburban,Yes,Medium,Established mixed community / Suburban
SE,Parkland,0.2,0.5,Deerfoot Meadows / South Calgary,0.2,0.5,0.5,0.5,0.5,Mixed households,0.5,0.5,0.5,0.5,0.5,0.5,0.5,0.5,0.5,0.5,0.2,0.2,0.5,0,1,1,Established mixed community,Mixed residents,"$1,750","$2,920","$610,000",3,0.5,Bus-focused,0.2,0.8,0.5,0.5,0.5,0.5,Yes,Suburban,Balanced but verify fit,78,Tier 2 - Good fit,Mid-market,Limited major risk in starter model,balanced lifestyle fit,Starter estimate - verify with official sources,Established suburban,Yes,Medium,Established mixed community / Suburban
SE,Penbrooke Meadows,0.2,0.5,Deerfoot Meadows / South Calgary,0.2,0.5,0.5,0.8,0.8,Newcomers/families,0.8,0.5,0.5,0.2,0.8,0.5,0.5,1,1,1,1,1,0.8,3,1,1,"Diverse, family-oriented",Newcomers/families,"$1,510","$2,400","$500,000",5,0.5,Bus-focused,0.8,0.8,0.8,0.8,0.5,0.5,Yes,Suburban,Higher noise,82,Tier 2 - Good fit,Lower-cost / value-oriented,Crime perception,cultural access,Starter estimate - verify with official sources,Established suburban,Yes,Medium,"Diverse, family-oriented / Suburban"
SE,Prestwick,0.2,0.5,Deerfoot Meadows / South Calgary,0.2,0.5,0.5,0.5,0.5,Mixed households,0.5,0.5,0.5,0.5,0.5,0.5,0.5,0.5,0.5,0.5,0.2,0.2,0.5,2,1,1,Established mixed community,Mixed residents,"$1,750","$2,920","$610,000",3,0.5,Bus-focused,0.2,0.8,0.5,0.5,0.5,0.5,Yes,Suburban,Balanced but verify fit,78,Tier 2 - Good fit,Mid-market,Limited major risk in starter model,balanced lifestyle fit,Starter estimate - verify with official sources,Established suburban,Yes,Medium,Established mixed community / Suburban
SE,Quarry Park,0.2,0.5,Deerfoot Meadows / South Calgary,0.2,0.5,0.5,0.5,0.5,Mixed households,0.5,0.5,0.5,0.5,0.5,0.5,0.5,0.5,0.5,0.5,0.2,0.2,0.5,0,0,0,Established mixed community,Mixed residents,"$1,750","$2,920","$610,000",3,0.5,Bus-focused,0.2,0.8,0.5,0.5,0.5,0.5,Yes,Suburban,Balanced but verify fit,78,Tier 2 - Good fit,Mid-market,Limited major risk in starter model,balanced lifestyle fit,Starter estimate - verify with official sources,Established suburban,Yes,Medium,Established mixed community / Suburban
SE,Ramsay,0.2,0.5,Inglewood / International Avenue,0.2,0.5,0.5,0.5,0.5,Mixed households,0.5,0.5,0.5,0.5,0.5,0.5,0.5,0.5,0.5,0.5,0.2,0.2,0.5,0,0,0,Established mixed community,Mixed residents,"$1,750","$2,920","$610,000",3,0.5,Bus-focused,0.2,0.8,0.5,0.5,0.5,0.5,Yes,Suburban,Balanced but verify fit,78,Tier 2 - Good fit,Mid-market,Limited major risk in starter model,balanced lifestyle fit,Starter estimate - verify with official sources,Established suburban,Yes,Medium,Established mixed community / Suburban
SE,Rangeview,0.2,0.5,Deerfoot Meadows / South Calgary,0.2,0.5,0.5,0.5,0.5,Mixed households,0.5,0.5,0.5,0.5,0.5,0.5,0.5,0.5,0.5,0.5,0.2,0.2,0.5,1,0,0,Established mixed community,Mixed residents,"$1,750","$2,920","$610,000",3,0.5,Bus-focused,0.2,0.8,0.5,0.5,0.5,0.5,Yes,Suburban,Balanced but verify fit,78,Tier 2 - Good fit,Mid-market,Limited major risk in starter model,balanced lifestyle fit,Starter estimate - verify with official sources,Established suburban,Yes,Medium,Established mixed community / Suburban
SE,Rideau Park,0.2,0.5,Deerfoot Meadows / South Calgary,0.2,0.5,0.5,0.5,0.5,Mixed households,0.5,0.5,0.5,0.5,0.5,0.5,0.5,0.5,0.5,0.5,0.2,0.2,0.5,2,1,0,Established mixed community,Mixed residents,"$1,750","$2,920","$610,000",3,0.5,Bus-focused,0.2,0.8,0.5,0.5,0.5,0.5,Yes,Suburban,Balanced but verify fit,78,Tier 2 - Good fit,Mid-market,Limited major risk in starter model,balanced lifestyle fit,Starter estimate - verify with official sources,Established suburban,Yes,Medium,Established mixed community / Suburban
SE,Riverbend,0.2,0.5,Deerfoot Meadows / South Calgary,0.2,0.5,0.5,0.5,0.5,Mixed households,0.5,0.5,0.5,0.5,0.5,0.5,0.5,0.5,0.5,0.5,0.2,0.2,0.5,2,1,0,Established mixed community,Mixed residents,"$1,750","$2,920","$610,000",3,0.5,Bus-focused,0.2,0.8,0.5,0.5,0.5,0.5,Yes,Suburban,Balanced but verify fit,78,Tier 2 - Good fit,Mid-market,Limited major risk in starter model,balanced lifestyle fit,Starter estimate - verify with official sources,Established suburban,Yes,Medium,Established mixed community / Suburban
SE,Roxboro,0.2,0.5,Deerfoot Meadows / South Calgary,0.2,0.5,0.5,0.5,0.5,Mixed households,0.5,0.5,0.5,0.5,0.5,0.5,0.5,0.5,0.5,0.5,0.2,0.2,0.5,2,1,1,Established mixed community,Mixed residents,"$1,750","$2,920","$610,000",3,0.5,Bus-focused,0.2,0.8,0.5,0.5,0.5,0.5,Yes,Suburban,Balanced but verify fit,78,Tier 2 - Good fit,Mid-market,Limited major risk in starter model,balanced lifestyle fit,Starter estimate - verify with official sources,Established suburban,Yes,Medium,Established mixed community / Suburban
SE,Seton,0.2,0.8,Seton / South Health Campus,0.5,0.5,0.2,0.5,0.8,Families,0.5,0.5,0.8,0.2,0.8,0.5,0.8,0.5,0.5,0.5,0.2,0.2,0.5,2,0,1,"Suburban, family-focused",Families,"$1,750","$2,920","$610,000",3,0.5,CTrain & Bus,0.8,0.8,0.5,0.8,0.8,0.8,Yes,Suburban,Higher noise,81,Tier 2 - Good fit,Mid-market,Crime perception,"transit, green space, student access",Starter estimate - verify with official sources,New suburban / master-planned,Yes,Low-Medium,"Suburban, family-focused / Suburban"
SE,Shepard Industrial,0.2,0.5,Deerfoot Meadows / South Calgary,0.2,0.2,0.8,0.2,0.8,Workers/Commercial,0.2,0.2,0.2,0.2,0.2,0.2,0.2,0.2,0.2,0.2,0.2,0.2,0.5,0,0,0,Commercial/industrial area,Workers/commuters,"$1,870","$3,260","$680,000",1,0.2,Primarily car-based,0.2,0.8,Medium-Low,0.2,0.5,0.2,Yes,Suburban,Less affordable; car dependent; limited transit,56,Tier 4 - Validate carefully,Premium / higher-cost,Affordability pressure,balanced lifestyle fit,Starter estimate - verify with official sources,Established suburban,Yes,Medium,Commercial/industrial area / Suburban
SE,Southview,0.2,0.5,Deerfoot Meadows / South Calgary,0.2,0.5,0.5,0.5,0.5,Mixed households,0.5,0.5,0.5,0.5,0.5,0.5,0.5,0.5,0.5,0.5,0.2,0.2,0.5,0,0,1,Established mixed community,Mixed residents,"$1,750","$2,920","$610,000",3,0.5,Bus-focused,0.2,0.8,0.5,0.5,0.5,0.5,Yes,Suburban,Balanced but verify fit,78,Tier 2 - Good fit,Mid-market,Limited major risk in starter model,balanced lifestyle fit,Starter estimate - verify with official sources,Established suburban,Yes,Medium,Established mixed community / Suburban
SE,Starfield,0.2,0.5,Deerfoot Meadows / South Calgary,0.2,0.2,0.8,0.2,0.8,Workers/Commercial,0.2,0.2,0.2,0.2,0.2,0.2,0.2,0.2,0.2,0.2,0.2,0.2,0.5,0,0,0,Commercial/industrial area,Workers/commuters,"$1,870","$3,260","$680,000",1,0.2,Primarily car-based,0.2,0.8,Medium-Low,0.2,0.5,0.2,Yes,Suburban,Less affordable; car dependent; limited transit,56,Tier 4 - Validate carefully,Premium / higher-cost,Affordability pressure,balanced lifestyle fit,Starter estimate - verify with official sources,Established suburban,Yes,Medium,Commercial/industrial area / Suburban
SE,Sundance,0.2,0.5,Deerfoot Meadows / South Calgary,0.5,0.5,0.2,0.5,0.8,Families,0.5,0.5,0.8,0.2,0.8,0.5,0.8,0.5,0.5,0.5,0.2,0.2,0.5,2,2,1,"Suburban, family-focused",Families,"$1,750","$2,920","$610,000",3,0.5,CTrain & Bus,0.8,0.8,0.5,0.8,0.8,0.8,Yes,Suburban,Higher noise,81,Tier 2 - Good fit,Mid-market,Crime perception,"transit, green space, student access",Starter estimate - verify with official sources,Established suburban,Yes,Medium,"Suburban, family-focused / Suburban"
SE,Walden,0.2,0.5,Seton / South Health Campus,0.5,0.5,0.2,0.5,0.8,Families,0.5,0.5,0.8,0.2,0.8,0.5,0.8,0.5,0.5,0.5,0.2,0.2,0.5,1,1,0,"Suburban, family-focused",Families,"$1,750","$2,920","$610,000",3,0.5,CTrain & Bus,0.8,0.8,0.5,0.8,0.8,0.8,Yes,Suburban,Higher noise,81,Tier 2 - Good fit,Mid-market,Crime perception,"transit, green space, student access",Starter estimate - verify with official sources,New suburban / master-planned,Yes,Low-Medium,"Suburban, family-focused / Suburban"
SE,Willow Park,0.2,0.5,Deerfoot Meadows / South Calgary,0.2,0.5,0.5,0.5,0.5,Mixed households,0.5,0.5,0.5,0.5,0.5,0.5,0.5,0.5,0.5,0.5,0.2,0.2,0.5,2,1,0,Established mixed community,Mixed residents,"$1,750","$2,920","$610,000",3,0.5,Bus-focused,0.2,0.8,0.5,0.5,0.5,0.5,Yes,Suburban,Balanced but verify fit,78,Tier 2 - Good fit,Mid-market,Limited major risk in starter model,balanced lifestyle fit,Starter estimate - verify with official sources,Established suburban,Yes,Medium,Established mixed community / Suburban
SE,Woodbine,0.2,0.5,Deerfoot Meadows / South Calgary,0.5,0.5,0.2,0.5,0.8,Families,0.5,0.5,0.8,0.2,0.8,0.5,0.8,0.5,0.5,0.5,0.2,0.2,0.5,3,1,0,"Suburban, family-focused",Families,"$1,750","$2,920","$610,000",3,0.5,CTrain & Bus,0.8,0.8,0.5,0.8,0.8,0.8,Yes,Suburban,Higher noise,81,Tier 2 - Good fit,Mid-market,Crime perception,"transit, green space, student access",Starter estimate - verify with official sources,Established suburban,Yes,Medium,"Suburban, family-focused / Suburban"
SE,Woodlands,0.2,0.5,Deerfoot Meadows / South Calgary,0.5,0.5,0.2,0.5,0.8,Families,0.5,0.5,0.8,0.2,0.8,0.5,0.8,0.5,0.5,0.5,0.2,0.2,0.5,3,2,0,"Suburban, family-focused",Families,"$1,750","$2,920","$610,000",3,0.5,CTrain & Bus,0.8,0.8,0.5,0.8,0.8,0.8,Yes,Suburban,Higher noise,81,Tier 2 - Good fit,Mid-market,Crime perception,"transit, green space, student access",Starter estimate - verify with official sources,Established suburban,Yes,Medium,"Suburban, family-focused / Suburban"
SW,Altadore,0.2,0.5,Marda Loop / 17 Ave / Mission,0.8,0.8,0.2,0.5,0.8,Affluent families/professionals,0.2,0.5,0.8,0.2,0.8,0.5,0.8,0.5,0.5,0.5,0.2,0.2,0.5,1,2,0,"Upscale, quiet, residential",Families/professionals,"$2,190","$3,930","$820,000",1,0.5,CTrain & Bus,0.8,0.8,0.5,0.8,0.8,0.8,Yes,Suburban,Less affordable; higher noise,78,Tier 2 - Good fit,Premium / higher-cost,Affordability pressure,"transit, green space, student access, downtown access",Starter estimate - verify with official sources,Established suburban,Yes,Medium,"Upscale, quiet, residential / Suburban"
SW,Aspen Woods,0.2,0.5,Westhills / Aspen Landing,0.5,0.8,0.2,0.5,0.8,Affluent families/professionals,0.2,0.5,0.8,0.2,0.8,0.5,0.8,0.5,0.5,0.5,0.2,0.2,0.5,1,2,0,"Upscale, quiet, residential",Families/professionals,"$2,190","$3,930","$820,000",1,0.5,CTrain & Bus,0.8,0.8,0.5,0.8,0.8,0.8,Yes,Suburban,Less affordable; higher noise,78,Tier 2 - Good fit,Premium / higher-cost,Affordability pressure,"transit, green space, student access, downtown access",Starter estimate - verify with official sources,Established suburban,Yes,Medium,"Upscale, quiet, residential / Suburban"
SW,Bankview,0.2,0.5,Marda Loop / 17 Ave / Mission,0.2,0.8,0.2,0.8,0.2,Young professionals,0.8,0.8,0.5,0.8,0.5,0.8,0.5,0.5,0.8,0.8,0.8,0.8,0.8,2,0,1,"Urban, walkable, social",Young professionals,"$1,830","$3,190","$665,000",5,0.65,Bus-focused,0.5,0.5,0.8,0.8,0.8,0.2,Yes,Balanced,Balanced but verify fit,93,Tier 1 - Strong fit,Lower-cost / value-oriented,Limited major risk in starter model,"walkability, cultural access, family fit, downtown access",Starter estimate - verify with official sources,Inner-city / walkable,Yes,Medium-High,"Urban, walkable, social / Balanced"
SW,Bayview,0.2,0.5,Mount Royal / West Calgary,0.5,0.8,0.2,0.5,0.8,Affluent families/professionals,0.2,0.5,0.8,0.2,0.8,0.5,0.8,0.5,0.5,0.5,0.2,0.2,0.5,3,0,0,"Upscale, quiet, residential",Families/professionals,"$2,190","$3,930","$820,000",1,0.5,CTrain & Bus,0.8,0.8,0.5,0.8,0.8,0.8,Yes,Suburban,Less affordable; higher noise,78,Tier 2 - Good fit,Premium / higher-cost,Affordability pressure,"transit, green space, student access, downtown access",Starter estimate - verify with official sources,Established suburban,Yes,Medium,"Upscale, quiet, residential / Suburban"
SW,Bel-Aire,0.2,0.5,Mount Royal / West Calgary,0.5,0.8,0.2,0.5,0.8,Affluent families/professionals,0.2,0.5,0.8,0.2,0.8,0.5,0.8,0.5,0.5,0.5,0.2,0.2,0.5,1,0,0,"Upscale, quiet, residential",Families/professionals,"$2,190","$3,930","$820,000",1,0.5,CTrain & Bus,0.8,0.8,0.5,0.8,0.8,0.8,Yes,Suburban,Less affordable; higher noise,78,Tier 2 - Good fit,Premium / higher-cost,Affordability pressure,"transit, green space, student access, downtown access",Starter estimate - verify with official sources,Established suburban,Yes,Medium,"Upscale, quiet, residential / Suburban"
SW,Braeside,0.2,0.5,Mount Royal / West Calgary,0.5,0.8,0.2,0.5,0.8,Families,0.5,0.5,0.8,0.2,0.8,0.5,0.8,0.5,0.5,0.5,0.2,0.2,0.5,2,2,1,"Suburban, family-focused",Families,"$1,950","$3,400","$710,000",3,0.5,CTrain & Bus,0.8,0.8,0.5,0.8,0.8,0.8,Yes,Suburban,Higher noise,81,Tier 2 - Good fit,Mid-market,Crime perception,"transit, green space, student access, downtown access",Starter estimate - verify with official sources,Established suburban,Yes,Medium,"Suburban, family-focused / Suburban"
SW,Britannia,0.2,0.5,Mount Royal / West Calgary,0.5,0.8,0.2,0.5,0.8,Affluent families/professionals,0.2,0.5,0.8,0.2,0.8,0.5,0.8,0.5,0.5,0.5,0.2,0.2,0.5,2,1,1,"Upscale, quiet, residential",Families/professionals,"$2,190","$3,930","$820,000",1,0.5,CTrain & Bus,0.8,0.8,0.5,0.8,0.8,0.8,Yes,Suburban,Less affordable; higher noise,78,Tier 2 - Good fit,Premium / higher-cost,Affordability pressure,"transit, green space, student access, downtown access",Starter estimate - verify with official sources,Established suburban,Yes,Medium,"Upscale, quiet, residential / Suburban"
SW,Canyon Meadows,0.2,0.5,Mount Royal / West Calgary,0.2,0.5,0.5,0.5,0.5,Mixed households,0.5,0.5,0.5,0.5,0.5,0.5,0.5,0.5,0.5,0.5,0.2,0.2,0.5,1,1,0,Established mixed community,Mixed residents,"$1,950","$3,400","$710,000",3,0.5,Bus-focused,0.2,0.8,0.5,0.5,0.5,0.2,Yes,Suburban,Balanced but verify fit,78,Tier 2 - Good fit,Mid-market,Limited major risk in starter model,balanced lifestyle fit,Starter estimate - verify with official sources,Established suburban,Yes,Medium,Established mixed community / Suburban
SW,Cedarbrae,0.2,0.5,Mount Royal / West Calgary,0.5,0.8,0.2,0.5,0.8,Families,0.5,0.5,0.8,0.2,0.8,0.5,0.8,0.5,0.5,0.5,0.2,0.2,0.5,2,2,0,"Suburban, family-focused",Families,"$1,950","$3,400","$710,000",3,0.5,CTrain & Bus,0.8,0.8,0.5,0.8,0.8,0.8,Yes,Suburban,Higher noise,81,Tier 2 - Good fit,Mid-market,Crime perception,"transit, green space, student access, downtown access",Starter estimate - verify with official sources,Established suburban,Yes,Medium,"Suburban, family-focused / Suburban"
SW,Christie Park,0.2,0.5,Mount Royal / West Calgary,0.2,0.5,0.5,0.5,0.5,Mixed households,0.5,0.5,0.5,0.5,0.5,0.5,0.5,0.5,0.5,0.5,0.2,0.2,0.5,1,0,1,Established mixed community,Mixed residents,"$1,950","$3,400","$710,000",3,0.5,Bus-focused,0.2,0.8,0.5,0.5,0.5,0.2,Yes,Suburban,Balanced but verify fit,78,Tier 2 - Good fit,Mid-market,Limited major risk in starter model,balanced lifestyle fit,Starter estimate - verify with official sources,Established suburban,Yes,Medium,Established mixed community / Suburban
SW,Coach Hill,0.2,0.5,Mount Royal / West Calgary,0.2,0.5,0.5,0.5,0.5,Mixed households,0.5,0.5,0.5,0.5,0.5,0.5,0.5,0.5,0.5,0.5,0.2,0.2,0.5,2,1,0,Established mixed community,Mixed residents,"$1,950","$3,400","$710,000",3,0.5,Bus-focused,0.2,0.8,0.5,0.5,0.5,0.2,Yes,Suburban,Balanced but verify fit,78,Tier 2 - Good fit,Mid-market,Limited major risk in starter model,balanced lifestyle fit,Starter estimate - verify with official sources,Established suburban,Yes,Medium,Established mixed community / Suburban
SW,Cougar Ridge,0.2,0.5,Westhills / Aspen Landing,0.2,0.5,0.5,0.5,0.5,Mixed households,0.5,0.5,0.5,0.5,0.5,0.5,0.5,0.5,0.5,0.5,0.2,0.2,0.5,2,1,0,Established mixed community,Mixed residents,"$1,950","$3,400","$710,000",3,0.5,Bus-focused,0.2,0.8,0.5,0.5,0.5,0.2,Yes,Suburban,Balanced but verify fit,78,Tier 2 - Good fit,Mid-market,Limited major risk in starter model,balanced lifestyle fit,Starter estimate - verify with official sources,Established suburban,Yes,Medium,Established mixed community / Suburban
SW,Discovery Ridge,0.2,0.5,Mount Royal / West Calgary,0.5,0.8,0.2,0.5,0.8,Affluent families/professionals,0.2,0.5,0.8,0.2,0.8,0.5,0.8,0.5,0.5,0.5,0.2,0.2,0.5,1,0,1,"Upscale, quiet, residential",Families/professionals,"$2,190","$3,930","$820,000",1,0.5,CTrain & Bus,0.8,0.8,0.5,0.8,0.8,0.8,Yes,Suburban,Less affordable; higher noise,78,Tier 2 - Good fit,Premium / higher-cost,Affordability pressure,"transit, green space, student access, downtown access",Starter estimate - verify with official sources,Established suburban,Yes,Medium,"Upscale, quiet, residential / Suburban"
SW,Elbow Park,0.2,0.5,Mount Royal / West Calgary,0.5,0.8,0.2,0.5,0.8,Affluent families/professionals,0.2,0.5,0.8,0.2,0.8,0.5,0.8,0.5,0.5,0.5,0.2,0.2,0.5,3,1,1,"Upscale, quiet, residential",Families/professionals,"$2,190","$3,930","$820,000",1,0.5,CTrain & Bus,0.8,0.8,0.5,0.8,0.8,0.8,Yes,Suburban,Less affordable; higher noise,78,Tier 2 - Good fit,Premium / higher-cost,Affordability pressure,"transit, green space, student access, downtown access",Starter estimate - verify with official sources,Established suburban,Yes,Medium,"Upscale, quiet, residential / Suburban"
SW,Elboya,0.2,0.5,Mount Royal / West Calgary,0.2,0.5,0.5,0.5,0.5,Mixed households,0.5,0.5,0.5,0.5,0.5,0.5,0.5,0.5,0.5,0.5,0.2,0.2,0.5,2,0,0,Established mixed community,Mixed residents,"$1,950","$3,400","$710,000",3,0.5,Bus-focused,0.2,0.8,0.5,0.5,0.5,0.2,Yes,Suburban,Balanced but verify fit,78,Tier 2 - Good fit,Mid-market,Limited major risk in starter model,balanced lifestyle fit,Starter estimate - verify with official sources,Established suburban,Yes,Medium,Established mixed community / Suburban
SW,Evergreen,0.2,0.5,Mount Royal / West Calgary,0.5,0.8,0.2,0.5,0.8,Families,0.5,0.5,0.8,0.2,0.8,0.5,0.8,0.5,0.5,0.5,0.2,0.2,0.5,2,0,0,"Suburban, family-focused",Families,"$1,950","$3,400","$710,000",3,0.5,CTrain & Bus,0.8,0.8,0.5,0.8,0.8,0.8,Yes,Suburban,Higher noise,81,Tier 2 - Good fit,Mid-market,Crime perception,"transit, green space, student access, downtown access",Starter estimate - verify with official sources,Established suburban,Yes,Medium,"Suburban, family-focused / Suburban"
SW,Garrison Green,0.2,0.5,Marda Loop / 17 Ave / Mission,0.8,0.5,0.5,0.5,0.5,Mixed households,0.5,0.5,0.5,0.5,0.5,0.5,0.5,0.5,0.5,0.5,0.2,0.2,0.5,2,1,0,Established mixed community,Mixed residents,"$1,950","$3,400","$710,000",3,0.5,Bus-focused,0.2,0.8,0.5,0.5,0.5,0.8,Yes,Suburban,Balanced but verify fit,80,Tier 2 - Good fit,Mid-market,Limited major risk in starter model,student access,Starter estimate - verify with official sources,Established suburban,Yes,Medium,Established mixed community / Suburban
SW,Garrison Woods,0.2,0.5,Marda Loop / 17 Ave / Mission,0.8,0.8,0.2,0.5,0.8,Affluent families/professionals,0.2,0.5,0.8,0.2,0.8,0.5,0.8,0.5,0.5,0.5,0.2,0.2,0.5,3,2,1,"Upscale, quiet, residential",Families/professionals,"$2,190","$3,930","$820,000",1,0.5,CTrain & Bus,0.8,0.8,0.5,0.8,0.8,0.8,Yes,Suburban,Less affordable; higher noise,78,Tier 2 - Good fit,Premium / higher-cost,Affordability pressure,"transit, green space, student access, downtown access",Starter estimate - verify with official sources,Established suburban,Yes,Medium,"Upscale, quiet, residential / Suburban"
SW,Glamorgan,0.2,0.5,Mount Royal / West Calgary,0.8,0.5,0.5,0.5,0.5,Mixed households,0.5,0.5,0.5,0.5,0.5,0.5,0.5,0.5,0.5,0.5,0.2,0.2,0.5,2,1,1,Established mixed community,Mixed residents,"$1,950","$3,400","$710,000",3,0.5,Bus-focused,0.2,0.8,0.5,0.5,0.5,0.8,Yes,Suburban,Balanced but verify fit,80,Tier 2 - Good fit,Mid-market,Limited major risk in starter model,student access,Starter estimate - verify with official sources,Established suburban,Yes,Medium,Established mixed community / Suburban
SW,Glenbrook,0.2,0.8,Mount Royal / West Calgary,0.2,0.5,0.5,0.5,0.5,Mixed households,0.5,0.5,0.5,0.5,0.5,0.5,0.5,0.5,0.5,0.5,0.2,0.2,0.5,0,1,0,Established mixed community,Mixed residents,"$1,950","$3,400","$710,000",3,0.5,Bus-focused,0.2,0.8,0.5,0.5,0.5,0.2,Yes,Suburban,Balanced but verify fit,78,Tier 2 - Good fit,Mid-market,Limited major risk in starter model,balanced lifestyle fit,Starter estimate - verify with official sources,Established suburban,Yes,Medium,Established mixed community / Suburban
SW,Glendale,0.2,0.5,Mount Royal / West Calgary,0.2,0.5,0.5,0.5,0.5,Mixed households,0.5,0.5,0.5,0.5,0.5,0.5,0.5,0.5,0.5,0.5,0.2,0.2,0.5,1,1,1,Established mixed community,Mixed residents,"$1,950","$3,400","$710,000",3,0.5,Bus-focused,0.2,0.8,0.5,0.5,0.5,0.2,Yes,Suburban,Balanced but verify fit,78,Tier 2 - Good fit,Mid-market,Limited major risk in starter model,balanced lifestyle fit,Starter estimate - verify with official sources,Established suburban,Yes,Medium,Established mixed community / Suburban
SW,Haysboro,0.2,0.5,Mount Royal / West Calgary,0.2,0.5,0.5,0.5,0.5,Mixed households,0.5,0.5,0.5,0.5,0.5,0.5,0.5,0.5,0.5,0.5,0.2,0.2,0.5,0,0,1,Established mixed community,Mixed residents,"$1,950","$3,400","$710,000",3,0.5,Bus-focused,0.2,0.8,0.5,0.5,0.5,0.2,Yes,Suburban,Balanced but verify fit,78,Tier 2 - Good fit,Mid-market,Limited major risk in starter model,balanced lifestyle fit,Starter estimate - verify with official sources,Established suburban,Yes,Medium,Established mixed community / Suburban
SW,Kelvin Grove,0.2,0.5,Mount Royal / West Calgary,0.2,0.5,0.5,0.5,0.5,Mixed households,0.5,0.5,0.5,0.5,0.5,0.5,0.5,0.5,0.5,0.5,0.2,0.2,0.5,0,1,1,Established mixed community,Mixed residents,"$1,950","$3,400","$710,000",3,0.5,Bus-focused,0.2,0.8,0.5,0.5,0.5,0.2,Yes,Suburban,Balanced but verify fit,78,Tier 2 - Good fit,Mid-market,Limited major risk in starter model,balanced lifestyle fit,Starter estimate - verify with official sources,Established suburban,Yes,Medium,Established mixed community / Suburban
SW,Kingsland,0.2,0.5,Mount Royal / West Calgary,0.2,0.5,0.5,0.5,0.5,Mixed households,0.5,0.5,0.5,0.5,0.5,0.5,0.5,0.5,0.5,0.5,0.2,0.2,0.5,0,1,1,Established mixed community,Mixed residents,"$1,950","$3,400","$710,000",3,0.5,Bus-focused,0.2,0.8,0.5,0.5,0.5,0.2,Yes,Suburban,Balanced but verify fit,78,Tier 2 - Good fit,Mid-market,Limited major risk in starter model,balanced lifestyle fit,Starter estimate - verify with official sources,Established suburban,Yes,Medium,Established mixed community / Suburban
SW,Lakeview,0.2,0.8,Mount Royal / West Calgary,0.5,0.8,0.2,0.5,0.8,Families,0.5,0.5,0.8,0.2,0.8,0.5,0.8,0.5,0.5,0.5,0.2,0.2,0.5,3,2,0,"Suburban, family-focused",Families,"$1,950","$3,400","$710,000",3,0.5,CTrain & Bus,0.8,0.8,0.5,0.8,0.8,0.8,Yes,Suburban,Higher noise,81,Tier 2 - Good fit,Mid-market,Crime perception,"transit, green space, student access, downtown access",Starter estimate - verify with official sources,Established suburban,Yes,Medium,"Suburban, family-focused / Suburban"
SW,Lincoln Park,0.2,0.5,Mount Royal / West Calgary,0.8,0.5,0.5,0.5,0.5,Mixed households,0.5,0.5,0.5,0.5,0.5,0.5,0.5,0.5,0.5,0.5,0.2,0.2,0.5,1,0,1,Established mixed community,Mixed residents,"$1,950","$3,400","$710,000",3,0.5,Bus-focused,0.2,0.8,0.5,0.5,0.5,0.8,Yes,Suburban,Balanced but verify fit,80,Tier 2 - Good fit,Mid-market,Limited major risk in starter model,student access,Starter estimate - verify with official sources,Established suburban,Yes,Medium,Established mixed community / Suburban
SW,Lower Mount Royal,0.2,0.5,Mount Royal / West Calgary,0.2,0.8,0.2,0.8,0.2,Young professionals,0.8,0.8,0.5,0.8,0.5,0.8,0.5,0.5,0.8,0.8,0.8,0.8,0.8,2,0,1,"Urban, walkable, social",Young professionals,"$1,830","$3,190","$665,000",5,0.65,Bus-focused,0.5,0.5,0.8,0.8,0.8,0.2,Yes,Balanced,Balanced but verify fit,93,Tier 1 - Strong fit,Lower-cost / value-oriented,Limited major risk in starter model,"walkability, cultural access, family fit, downtown access",Starter estimate - verify with official sources,Inner-city / walkable,Yes,Medium-High,"Urban, walkable, social / Balanced"
SW,Marda Loop,0.2,0.5,Marda Loop / 17 Ave / Mission,0.2,0.5,0.5,0.5,0.5,Mixed households,0.5,0.5,0.5,0.5,0.5,0.5,0.5,0.5,0.5,0.5,0.2,0.2,0.5,2,0,1,Established mixed community,Mixed residents,"$1,950","$3,400","$710,000",3,0.5,Bus-focused,0.2,0.8,0.5,0.5,0.5,0.2,Yes,Suburban,Balanced but verify fit,78,Tier 2 - Good fit,Mid-market,Limited major risk in starter model,balanced lifestyle fit,Starter estimate - verify with official sources,Established suburban,Yes,Medium,Established mixed community / Suburban
SW,Mayfair,0.2,0.5,Mount Royal / West Calgary,0.2,0.5,0.5,0.5,0.5,Mixed households,0.5,0.5,0.5,0.5,0.5,0.5,0.5,0.5,0.5,0.5,0.2,0.2,0.5,0,0,0,Established mixed community,Mixed residents,"$1,950","$3,400","$710,000",3,0.5,Bus-focused,0.2,0.8,0.5,0.5,0.5,0.2,Yes,Suburban,Balanced but verify fit,78,Tier 2 - Good fit,Mid-market,Limited major risk in starter model,balanced lifestyle fit,Starter estimate - verify with official sources,Established suburban,Yes,Medium,Established mixed community / Suburban
SW,Meadowlark Park,0.2,0.5,Mount Royal / West Calgary,0.2,0.5,0.5,0.5,0.5,Mixed households,0.5,0.5,0.5,0.5,0.5,0.5,0.5,0.5,0.5,0.5,0.2,0.2,0.5,0,1,0,Established mixed community,Mixed residents,"$1,950","$3,400","$710,000",3,0.5,Bus-focused,0.2,0.8,0.5,0.5,0.5,0.2,Yes,Suburban,Balanced but verify fit,78,Tier 2 - Good fit,Mid-market,Limited major risk in starter model,balanced lifestyle fit,Starter estimate - verify with official sources,Established suburban,Yes,Medium,Established mixed community / Suburban
SW,Millrise,0.2,0.5,Mount Royal / West Calgary,0.2,0.5,0.5,0.5,0.5,Mixed households,0.5,0.5,0.5,0.5,0.5,0.5,0.5,0.5,0.5,0.5,0.2,0.2,0.5,0,1,0,Established mixed community,Mixed residents,"$1,950","$3,400","$710,000",3,0.5,Bus-focused,0.2,0.8,0.5,0.5,0.5,0.2,Yes,Suburban,Balanced but verify fit,78,Tier 2 - Good fit,Mid-market,Limited major risk in starter model,balanced lifestyle fit,Starter estimate - verify with official sources,Established suburban,Yes,Medium,Established mixed community / Suburban
SW,Mount Royal,0.2,0.5,Mount Royal / West Calgary,0.5,0.8,0.2,0.5,0.8,Affluent families/professionals,0.2,0.5,0.8,0.2,0.8,0.5,0.8,0.5,0.5,0.5,0.2,0.2,0.5,1,2,0,"Upscale, quiet, residential",Families/professionals,"$2,190","$3,930","$820,000",1,0.5,CTrain & Bus,0.8,0.8,0.5,0.8,0.8,0.8,Yes,Suburban,Less affordable; higher noise,78,Tier 2 - Good fit,Premium / higher-cost,Affordability pressure,"transit, green space, student access, downtown access",Starter estimate - verify with official sources,Established suburban,Yes,Medium,"Upscale, quiet, residential / Suburban"
SW,North Glenmore Park,0.2,0.5,Mount Royal / West Calgary,0.2,0.5,0.5,0.5,0.5,Mixed households,0.5,0.5,0.5,0.5,0.5,0.5,0.5,0.5,0.5,0.5,0.2,0.2,0.5,1,0,0,Established mixed community,Mixed residents,"$1,950","$3,400","$710,000",3,0.5,Bus-focused,0.2,0.8,0.5,0.5,0.5,0.2,Yes,Suburban,Balanced but verify fit,78,Tier 2 - Good fit,Mid-market,Limited major risk in starter model,balanced lifestyle fit,Starter estimate - verify with official sources,Established suburban,Yes,Medium,Established mixed community / Suburban
SW,Oakridge,0.2,0.5,Mount Royal / West Calgary,0.5,0.8,0.2,0.5,0.8,Families,0.5,0.5,0.8,0.2,0.8,0.5,0.8,0.5,0.5,0.5,0.2,0.2,0.5,2,0,1,"Suburban, family-focused",Families,"$1,950","$3,400","$710,000",3,0.5,CTrain & Bus,0.8,0.8,0.5,0.8,0.8,0.8,Yes,Suburban,Higher noise,81,Tier 2 - Good fit,Mid-market,Crime perception,"transit, green space, student access, downtown access",Starter estimate - verify with official sources,Established suburban,Yes,Medium,"Suburban, family-focused / Suburban"
SW,Palliser,0.2,0.5,Mount Royal / West Calgary,0.5,0.8,0.2,0.5,0.8,Families,0.5,0.5,0.8,0.2,0.8,0.5,0.8,0.5,0.5,0.5,0.2,0.2,0.5,1,2,0,"Suburban, family-focused",Families,"$1,950","$3,400","$710,000",3,0.5,CTrain & Bus,0.8,0.8,0.5,0.8,0.8,0.8,Yes,Suburban,Higher noise,81,Tier 2 - Good fit,Mid-market,Crime perception,"transit, green space, student access, downtown access",Starter estimate - verify with official sources,Established suburban,Yes,Medium,"Suburban, family-focused / Suburban"
SW,Patterson,0.2,0.5,Mount Royal / West Calgary,0.2,0.5,0.5,0.5,0.5,Mixed households,0.5,0.5,0.5,0.5,0.5,0.5,0.5,0.5,0.5,0.5,0.2,0.2,0.5,0,0,1,Established mixed community,Mixed residents,"$1,950","$3,400","$710,000",3,0.5,Bus-focused,0.2,0.8,0.5,0.5,0.5,0.2,Yes,Suburban,Balanced but verify fit,78,Tier 2 - Good fit,Mid-market,Limited major risk in starter model,balanced lifestyle fit,Starter estimate - verify with official sources,Established suburban,Yes,Medium,Established mixed community / Suburban
SW,Pump Hill,0.2,0.5,Mount Royal / West Calgary,0.5,0.8,0.2,0.5,0.8,Affluent families/professionals,0.2,0.5,0.8,0.2,0.8,0.5,0.8,0.5,0.5,0.5,0.2,0.2,0.5,2,0,1,"Upscale, quiet, residential",Families/professionals,"$2,190","$3,930","$820,000",1,0.5,CTrain & Bus,0.8,0.8,0.5,0.8,0.8,0.8,Yes,Suburban,Less affordable; higher noise,78,Tier 2 - Good fit,Premium / higher-cost,Affordability pressure,"transit, green space, student access, downtown access",Starter estimate - verify with official sources,Established suburban,Yes,Medium,"Upscale, quiet, residential / Suburban"
SW,Richmond,0.2,0.5,Mount Royal / West Calgary,0.2,0.5,0.5,0.5,0.5,Mixed households,0.5,0.5,0.5,0.5,0.5,0.5,0.5,0.5,0.5,0.5,0.2,0.2,0.5,1,1,0,Established mixed community,Mixed residents,"$1,950","$3,400","$710,000",3,0.5,Bus-focused,0.2,0.8,0.5,0.5,0.5,0.2,Yes,Suburban,Balanced but verify fit,78,Tier 2 - Good fit,Mid-market,Limited major risk in starter model,balanced lifestyle fit,Starter estimate - verify with official sources,Established suburban,Yes,Medium,Established mixed community / Suburban
SW,Rutland Park,0.2,0.5,Mount Royal / West Calgary,0.8,0.5,0.5,0.5,0.5,Mixed households,0.5,0.5,0.5,0.5,0.5,0.5,0.5,0.5,0.5,0.5,0.2,0.2,0.5,0,1,1,Established mixed community,Mixed residents,"$1,950","$3,400","$710,000",3,0.5,Bus-focused,0.2,0.8,0.5,0.5,0.5,0.8,Yes,Suburban,Balanced but verify fit,80,Tier 2 - Good fit,Mid-market,Limited major risk in starter model,student access,Starter estimate - verify with official sources,Established suburban,Yes,Medium,Established mixed community / Suburban
SW,Scarboro,0.2,0.5,Mount Royal / West Calgary,0.2,0.5,0.5,0.5,0.5,Mixed households,0.5,0.5,0.5,0.5,0.5,0.5,0.5,0.5,0.5,0.5,0.2,0.2,0.5,1,1,1,Established mixed community,Mixed residents,"$1,950","$3,400","$710,000",3,0.5,Bus-focused,0.2,0.8,0.5,0.5,0.5,0.2,Yes,Suburban,Balanced but verify fit,78,Tier 2 - Good fit,Mid-market,Limited major risk in starter model,balanced lifestyle fit,Starter estimate - verify with official sources,Established suburban,Yes,Medium,Established mixed community / Suburban
SW,Shaganappi,0.2,0.5,Mount Royal / West Calgary,0.2,0.5,0.5,0.5,0.5,Mixed households,0.5,0.5,0.5,0.5,0.5,0.5,0.5,0.5,0.5,0.5,0.2,0.2,0.5,0,0,1,Established mixed community,Mixed residents,"$1,950","$3,400","$710,000",3,0.5,Bus-focused,0.2,0.8,0.5,0.5,0.5,0.2,Yes,Suburban,Balanced but verify fit,78,Tier 2 - Good fit,Mid-market,Limited major risk in starter model,balanced lifestyle fit,Starter estimate - verify with official sources,Established suburban,Yes,Medium,Established mixed community / Suburban
SW,Signal Hill,0.2,0.8,Westhills / Aspen Landing,0.5,0.8,0.2,0.5,0.8,Affluent families/professionals,0.2,0.5,0.8,0.2,0.8,0.5,0.8,0.5,0.5,0.5,0.2,0.2,0.5,2,0,1,"Upscale, quiet, residential",Families/professionals,"$2,190","$3,930","$820,000",1,0.5,CTrain & Bus,0.8,0.8,0.5,0.8,0.8,0.8,Yes,Suburban,Less affordable; higher noise,78,Tier 2 - Good fit,Premium / higher-cost,Affordability pressure,"transit, green space, student access, downtown access",Starter estimate - verify with official sources,Established suburban,Yes,Medium,"Upscale, quiet, residential / Suburban"
SW,Silverado,0.2,0.5,Mount Royal / West Calgary,0.5,0.8,0.2,0.5,0.8,Families,0.5,0.5,0.8,0.2,0.8,0.5,0.8,0.5,0.5,0.5,0.2,0.2,0.5,1,1,0,"Suburban, family-focused",Families,"$1,950","$3,400","$710,000",3,0.5,CTrain & Bus,0.8,0.8,0.5,0.8,0.8,0.8,Yes,Suburban,Higher noise,81,Tier 2 - Good fit,Mid-market,Crime perception,"transit, green space, student access, downtown access",Starter estimate - verify with official sources,Established suburban,Yes,Medium,"Suburban, family-focused / Suburban"
SW,Somerset,0.2,0.5,Mount Royal / West Calgary,0.5,0.8,0.2,0.5,0.8,Families,0.5,0.5,0.8,0.2,0.8,0.5,0.8,0.5,0.5,0.5,0.2,0.2,0.5,3,1,0,"Suburban, family-focused",Families,"$1,950","$3,400","$710,000",3,0.5,CTrain & Bus,0.8,0.8,0.5,0.8,0.8,0.8,Yes,Suburban,Higher noise,81,Tier 2 - Good fit,Mid-market,Crime perception,"transit, green space, student access, downtown access",Starter estimate - verify with official sources,Established suburban,Yes,Medium,"Suburban, family-focused / Suburban"
SW,South Calgary,0.2,0.5,Marda Loop / 17 Ave / Mission,0.2,0.5,0.5,0.5,0.5,Mixed households,0.5,0.5,0.5,0.5,0.5,0.5,0.5,0.5,0.5,0.5,0.2,0.2,0.5,1,1,0,Established mixed community,Mixed residents,"$1,950","$3,400","$710,000",3,0.5,Bus-focused,0.2,0.8,0.5,0.5,0.5,0.2,Yes,Suburban,Balanced but verify fit,78,Tier 2 - Good fit,Mid-market,Limited major risk in starter model,balanced lifestyle fit,Starter estimate - verify with official sources,Established suburban,Yes,Medium,Established mixed community / Suburban
SW,Southwood,0.2,0.5,Mount Royal / West Calgary,0.2,0.5,0.5,0.5,0.5,Mixed households,0.5,0.5,0.5,0.5,0.5,0.5,0.5,0.5,0.5,0.5,0.2,0.2,0.5,2,1,1,Established mixed community,Mixed residents,"$1,950","$3,400","$710,000",3,0.5,CTrain & Bus,0.2,0.8,0.5,0.5,0.5,0.2,Yes,Suburban,Balanced but verify fit,78,Tier 2 - Good fit,Mid-market,Limited major risk in starter model,balanced lifestyle fit,Starter estimate - verify with official sources,Established suburban,Yes,Medium,Established mixed community / Suburban
SW,Springbank Hill,0.2,0.5,Westhills / Aspen Landing,0.5,0.8,0.2,0.5,0.8,Affluent families/professionals,0.2,0.5,0.8,0.2,0.8,0.5,0.8,0.5,0.5,0.5,0.2,0.2,0.5,2,1,1,"Upscale, quiet, residential",Families/professionals,"$2,190","$3,930","$820,000",1,0.5,CTrain & Bus,0.8,0.8,0.5,0.8,0.8,0.8,Yes,Suburban,Less affordable; higher noise,78,Tier 2 - Good fit,Premium / higher-cost,Affordability pressure,"transit, green space, student access, downtown access",Starter estimate - verify with official sources,Established suburban,Yes,Medium,"Upscale, quiet, residential / Suburban"
SW,Spruce Cliff,0.2,0.5,Mount Royal / West Calgary,0.2,0.5,0.5,0.5,0.5,Mixed households,0.5,0.5,0.5,0.5,0.5,0.5,0.5,0.5,0.5,0.5,0.2,0.2,0.5,0,1,0,Established mixed community,Mixed residents,"$1,950","$3,400","$710,000",3,0.5,Bus-focused,0.2,0.8,0.5,0.5,0.5,0.2,Yes,Suburban,Balanced but verify fit,78,Tier 2 - Good fit,Mid-market,Limited major risk in starter model,balanced lifestyle fit,Starter estimate - verify with official sources,Established suburban,Yes,Medium,Established mixed community / Suburban
SW,Strathcona Park,0.2,0.5,Westhills / Aspen Landing,0.2,0.5,0.5,0.5,0.5,Mixed households,0.5,0.5,0.5,0.5,0.5,0.5,0.5,0.5,0.5,0.5,0.2,0.2,0.5,2,1,1,Established mixed community,Mixed residents,"$1,950","$3,400","$710,000",3,0.5,Bus-focused,0.2,0.8,0.5,0.5,0.5,0.2,Yes,Suburban,Balanced but verify fit,78,Tier 2 - Good fit,Mid-market,Limited major risk in starter model,balanced lifestyle fit,Starter estimate - verify with official sources,Established suburban,Yes,Medium,Established mixed community / Suburban
SW,Sunalta,0.2,0.5,Mount Royal / West Calgary,0.2,0.5,0.5,0.5,0.5,Mixed households,0.5,0.5,0.5,0.5,0.5,0.5,0.5,0.5,0.5,0.5,0.2,0.2,0.5,0,1,0,Established mixed community,Mixed residents,"$1,950","$3,400","$710,000",3,0.5,CTrain & Bus,0.2,0.8,0.5,0.5,0.5,0.2,Yes,Suburban,Balanced but verify fit,78,Tier 2 - Good fit,Mid-market,Limited major risk in starter model,balanced lifestyle fit,Starter estimate - verify with official sources,Established suburban,Yes,Medium,Established mixed community / Suburban
SW,Upper Mount Royal,0.2,0.5,Mount Royal / West Calgary,0.5,0.8,0.2,0.5,0.8,Affluent families/professionals,0.2,0.5,0.8,0.2,0.8,0.5,0.8,0.5,0.5,0.5,0.2,0.2,0.5,3,2,0,"Upscale, quiet, residential",Families/professionals,"$2,190","$3,930","$820,000",1,0.5,CTrain & Bus,0.8,0.8,0.5,0.8,0.8,0.8,Yes,Suburban,Less affordable; higher noise,78,Tier 2 - Good fit,Premium / higher-cost,Affordability pressure,"transit, green space, student access, downtown access",Starter estimate - verify with official sources,Established suburban,Yes,Medium,"Upscale, quiet, residential / Suburban"
SW,West Springs,0.2,0.5,Westhills / Aspen Landing,0.5,0.8,0.2,0.5,0.8,Affluent families/professionals,0.2,0.5,0.8,0.2,0.8,0.5,0.8,0.5,0.5,0.5,0.2,0.2,0.5,1,1,1,"Upscale, quiet, residential",Families/professionals,"$2,190","$3,930","$820,000",1,0.5,CTrain & Bus,0.8,0.8,0.5,0.8,0.8,0.8,Yes,Suburban,Less affordable; higher noise,78,Tier 2 - Good fit,Premium / higher-cost,Affordability pressure,"transit, green space, student access, downtown access",Starter estimate - verify with official sources,Established suburban,Yes,Medium,"Upscale, quiet, residential / Suburban"
SW,Westgate,0.2,0.5,Mount Royal / West Calgary,0.2,0.5,0.5,0.5,0.5,Mixed households,0.5,0.5,0.5,0.5,0.5,0.5,0.5,0.5,0.5,0.5,0.2,0.2,0.5,0,0,0,Established mixed community,Mixed residents,"$1,950","$3,400","$710,000",3,0.5,Bus-focused,0.2,0.8,0.5,0.5,0.5,0.2,Yes,Suburban,Balanced but verify fit,78,Tier 2 - Good fit,Mid-market,Limited major risk in starter model,balanced lifestyle fit,Starter estimate - verify with official sources,Established suburban,Yes,Medium,Established mixed community / Suburban
SW,Wildwood,0.2,0.5,Mount Royal / West Calgary,0.2,0.5,0.5,0.5,0.5,Mixed households,0.5,0.5,0.5,0.5,0.5,0.5,0.5,0.5,0.5,0.5,0.2,0.2,0.5,1,1,1,Established mixed community,Mixed residents,"$1,950","$3,400","$710,000",3,0.5,Bus-focused,0.2,0.8,0.5,0.5,0.5,0.2,Yes,Suburban,Balanced but verify fit,78,Tier 2 - Good fit,Mid-market,Limited major risk in starter model,balanced lifestyle fit,Starter estimate - verify with official sources,Established suburban,Yes,Medium,Established mixed community / Suburban
SW,Windsor Park,0.2,0.5,Mount Royal / West Calgary,0.2,0.5,0.5,0.5,0.5,Mixed households,0.5,0.5,0.5,0.5,0.5,0.5,0.5,0.5,0.5,0.5,0.2,0.2,0.5,2,0,1,Established mixed community,Mixed residents,"$1,950","$3,400","$710,000",3,0.5,Bus-focused,0.2,0.8,0.5,0.5,0.5,0.2,Yes,Suburban,Balanced but verify fit,78,Tier 2 - Good fit,Mid-market,Limited major risk in starter model,balanced lifestyle fit,Starter estimate - verify with official sources,Established suburban,Yes,Medium,Established mixed community / Suburban
SW,Woodbine,0.2,0.5,Mount Royal / West Calgary,0.5,0.8,0.2,0.5,0.8,Families,0.5,0.5,0.8,0.2,0.8,0.5,0.8,0.5,0.5,0.5,0.2,0.2,0.5,2,1,0,"Suburban, family-focused",Families,"$1,950","$3,400","$710,000",3,0.5,CTrain & Bus,0.8,0.8,0.5,0.8,0.8,0.8,Yes,Suburban,Higher noise,81,Tier 2 - Good fit,Mid-market,Crime perception,"transit, green space, student access, downtown access",Starter estimate - verify with official sources,Established suburban,Yes,Medium,"Suburban, family-focused / Suburban"
SW,Woodlands,0.2,0.5,Mount Royal / West Calgary,0.5,0.8,0.2,0.5,0.8,Families,0.5,0.5,0.8,0.2,0.8,0.5,0.8,0.5,0.5,0.5,0.2,0.2,0.5,3,0,0,"Suburban, family-focused",Families,"$1,950","$3,400","$710,000",3,0.5,CTrain & Bus,0.8,0.8,0.5,0.8,0.8,0.8,Yes,Suburban,Higher noise,81,Tier 2 - Good fit,Mid-market,Crime perception,"transit, green space, student access, downtown access",Starter estimate - verify with official sources,Established suburban,Yes,Medium,"Suburban, family-focused / Suburban"