Zone/Quadrant,Neighbourhood,Airport access,Healthcare access,Closest major area,University access,Downtown access,Car dependency level,Newcomers support access,Crime rate category,Primary demographic,Affordability,Walkability,Transit access,Safety perception,Nightlife/social,Family friendly,Parks/green space,Diversity level,Religious/cultural access,Church access,Mosque access,Temple/Gurdwara access,Cultural grocery access,Elementary schools count,Middle/Jr high schools count,High schools count,Community vibe,Best for,Avg 1BR Rent,Average Mortgage Payment,Avg Home Price,Affordability Score,Winter Walkability,Transit Type,Noise Level,Parking Availability,Grocery Store Access,Coffee Shop Density,Fitness & Wellness,Student Friendly,Community Center,Suburban or City-Like,Key Tradeoffs,MVP Score,Recommendation Tier,Affordability Band,Main Risk Category,Primary Matching Drivers,Data Confidence,Urban Form,Needs Validation,Density,Lifestyle identity
Downtown,Beltline,Medium,High,Downtown Core / Beltline,Medium,High,Low,High,Lower reported crime risk,Young professionals,High,High,Medium,High,Medium,High,Medium,Medium,High,High,High,High,High,0,0,1,"Urban, walkable, social",Young professionals,"$1,930","$2,710","$565,000",5,High,CTrain & Bus,High,Low,High,High,High,Low,Yes,City-like,Higher noise,93,Tier 1 - Strong fit,Lower-cost / value-oriented,Noise / congestion,"walkability, cultural access, family fit, downtown access",Starter estimate - verify with official sources,Urban core,Yes,High,"Urban, walkable, social / City-like"
Downtown,Bridgeland/Riverside,Medium,High,Downtown Core / Beltline,Medium,High,Low,High,Lower reported crime risk,Young professionals,High,High,Medium,High,Medium,High,Medium,Medium,High,High,High,High,High,1,0,1,"Urban, walkable, social",Young professionals,"$1,930","$2,710","$565,000",5,High,CTrain & Bus,High,Low,High,High,High,Low,Yes,City-like,Higher noise,93,Tier 1 - Strong fit,Lower-cost / value-oriented,Noise / congestion,"walkability, cultural access, family fit, downtown access",Starter estimate - verify with official sources,Urban core,Yes,High,"Urban, walkable, social / City-like"
Downtown,Chinatown,Medium,High,Downtown Core / Beltline,Medium,High,Low,High,Lower reported crime risk,Young professionals,High,High,Medium,High,Medium,High,Medium,Medium,High,High,High,High,High,0,1,0,"Urban, walkable, social",Young professionals,"$1,930","$2,710","$565,000",5,High,Bus-focused,High,Low,High,High,High,Low,Yes,City-like,Higher noise,93,Tier 1 - Strong fit,Lower-cost / value-oriented,Noise / congestion,"walkability, cultural access, family fit, downtown access",Starter estimate - verify with official sources,Urban core,Yes,High,"Urban, walkable, social / City-like"
Downtown,Cliff Bungalow,Medium,High,Downtown Core / Beltline,Medium,High,Low,High,Lower reported crime risk,Young professionals,High,High,Medium,High,Medium,High,Medium,Medium,High,High,High,High,High,1,1,1,"Urban, walkable, social",Young professionals,"$1,930","$2,710","$565,000",5,High,Bus-focused,High,Low,High,High,High,Low,Yes,City-like,Higher noise,93,Tier 1 - Strong fit,Lower-cost / value-oriented,Noise / congestion,"walkability, cultural access, family fit, downtown access",Starter estimate - verify with official sources,Urban core,Yes,High,"Urban, walkable, social / City-like"
Downtown,Crescent Heights,Medium,High,Downtown Core / Beltline,Medium,High,Low,High,Lower reported crime risk,Young professionals,High,High,Medium,High,Medium,High,Medium,Medium,High,High,High,High,High,1,0,0,"Urban, walkable, social",Young professionals,"$1,930","$2,710","$565,000",5,High,Bus-focused,High,Low,High,High,High,Low,Yes,City-like,Higher noise,93,Tier 1 - Strong fit,Lower-cost / value-oriented,Noise / congestion,"walkability, cultural access, family fit, downtown access",Starter estimate - verify with official sources,Urban core,Yes,High,"Urban, walkable, social / City-like"
Downtown,Downtown Commercial Core,Medium,High,Downtown Core / Beltline,Medium,High,Low,High,Lower reported crime risk,Young professionals,High,High,Medium,High,Medium,High,Medium,Medium,High,High,High,High,High,1,0,0,"Urban, walkable, social",Young professionals,"$1,930","$2,710","$565,000",5,High,CTrain & Bus,High,Low,High,High,High,Low,Yes,City-like,Higher noise,93,Tier 1 - Strong fit,Lower-cost / value-oriented,Noise / congestion,"walkability, cultural access, family fit, downtown access",Starter estimate - verify with official sources,Urban core,Yes,High,"Urban, walkable, social / City-like"
Downtown,Downtown East Village,Medium,High,Downtown Core / Beltline,Medium,High,Low,High,Lower reported crime risk,Young professionals,High,High,Medium,High,Medium,High,Medium,Medium,High,High,High,High,High,1,1,0,"Urban, walkable, social",Young professionals,"$1,930","$2,710","$565,000",5,High,CTrain & Bus,High,Low,High,High,High,Low,Yes,City-like,Higher noise,93,Tier 1 - Strong fit,Lower-cost / value-oriented,Noise / congestion,"walkability, cultural access, family fit, downtown access",Starter estimate - verify with official sources,Urban core,Yes,High,"Urban, walkable, social / City-like"
Downtown,Downtown West End,Medium,High,Downtown Core / Beltline,Medium,High,Low,High,Lower reported crime risk,Young professionals,High,High,Medium,High,Medium,High,Medium,Medium,High,High,High,High,High,0,1,1,"Urban, walkable, social",Young professionals,"$1,930","$2,710","$565,000",5,High,CTrain & Bus,High,Low,High,High,High,Low,Yes,City-like,Higher noise,93,Tier 1 - Strong fit,Lower-cost / value-oriented,Noise / congestion,"walkability, cultural access, family fit, downtown access",Starter estimate - verify with official sources,Urban core,Yes,High,"Urban, walkable, social / City-like"
Downtown,Eau Claire,Medium,High,Downtown Core / Beltline,Medium,High,Low,High,Lower reported crime risk,Young professionals,High,High,Medium,High,Medium,High,High,Medium,High,High,High,High,High,1,0,0,"Urban, walkable, social",Young professionals,"$1,930","$2,710","$565,000",5,High,Bus-focused,High,Low,High,High,High,Low,Yes,City-like,Higher noise,95,Tier 1 - Strong fit,Lower-cost / value-oriented,Noise / congestion,"walkability, green space, cultural access, family fit",Starter estimate - verify with official sources,Urban core,Yes,High,"Urban, walkable, social / City-like"
Downtown,Erlton,Medium,High,Downtown Core / Beltline,Medium,High,Low,High,Lower reported crime risk,Young professionals,High,High,Medium,High,Medium,High,Medium,Medium,High,High,High,High,High,0,1,0,"Urban, walkable, social",Young professionals,"$1,930","$2,710","$565,000",5,High,CTrain & Bus,High,Low,High,High,High,Low,Yes,City-like,Higher noise,93,Tier 1 - Strong fit,Lower-cost / value-oriented,Noise / congestion,"walkability, cultural access, family fit, downtown access",Starter estimate - verify with official sources,Urban core,Yes,High,"Urban, walkable, social / City-like"
Downtown,Inglewood,Medium,High,Downtown Core / Beltline,Medium,High,Low,High,Lower reported crime risk,Young professionals,High,High,Medium,High,Medium,High,Medium,Medium,High,High,High,High,High,1,1,1,"Urban, walkable, social",Young professionals,"$1,930","$2,710","$565,000",5,High,Bus-focused,High,Low,High,High,High,Low,Yes,City-like,Higher noise,93,Tier 1 - Strong fit,Lower-cost / value-oriented,Noise / congestion,"walkability, cultural access, family fit, downtown access",Starter estimate - verify with official sources,Urban core,Yes,High,"Urban, walkable, social / City-like"
Downtown,Mission,Medium,High,Downtown Core / Beltline,Medium,High,Low,High,Lower reported crime risk,Young professionals,High,High,Medium,High,Medium,High,Medium,Medium,High,High,High,High,High,1,1,1,"Urban, walkable, social",Young professionals,"$1,930","$2,710","$565,000",5,High,CTrain & Bus,High,Low,High,High,High,Low,Yes,City-like,Higher noise,93,Tier 1 - Strong fit,Lower-cost / value-oriented,Noise / congestion,"walkability, cultural access, family fit, downtown access",Starter estimate - verify with official sources,Urban core,Yes,High,"Urban, walkable, social / City-like"
Downtown,Ramsay,Medium,High,Downtown Core / Beltline,Medium,High,Low,High,Lower reported crime risk,Young professionals,High,High,Medium,High,Medium,High,Medium,Medium,High,High,High,High,High,1,0,1,"Urban, walkable, social",Young professionals,"$1,930","$2,710","$565,000",5,High,Bus-focused,High,Low,High,High,High,Low,Yes,City-like,Higher noise,93,Tier 1 - Strong fit,Lower-cost / value-oriented,Noise / congestion,"walkability, cultural access, family fit, downtown access",Starter estimate - verify with official sources,Urban core,Yes,High,"Urban, walkable, social / City-like"
Downtown,Sunnyside,Medium,High,Downtown Core / Beltline,High,High,Low,High,Lower reported crime risk,Young professionals,High,High,Medium,High,Medium,High,Medium,Medium,High,High,High,High,High,1,1,0,"Urban, walkable, social",Young professionals,"$1,930","$2,710","$565,000",5,High,CTrain & Bus,High,Low,High,High,High,High,Yes,City-like,Higher noise,94,Tier 1 - Strong fit,Lower-cost / value-oriented,Noise / congestion,"walkability, cultural access, family fit, student access",Starter estimate - verify with official sources,Urban core,Yes,High,"Urban, walkable, social / City-like"
Downtown,Victoria Park,Medium,High,Downtown Core / Beltline,Medium,High,Low,High,Lower reported crime risk,Young professionals,High,High,Medium,High,Medium,High,Medium,Medium,High,High,High,High,High,0,0,0,"Urban, walkable, social",Young professionals,"$1,930","$2,710","$565,000",5,High,Bus-focused,High,Low,High,High,High,Low,Yes,City-like,Higher noise,93,Tier 1 - Strong fit,Lower-cost / value-oriented,Noise / congestion,"walkability, cultural access, family fit, downtown access",Starter estimate - verify with official sources,Urban core,Yes,High,"Urban, walkable, social / City-like"
NW,Arbour Lake,Medium,Medium,Crowfoot / NW Suburbs,Medium,High,Low,Medium,Higher reported crime risk,Families,Medium,Medium,High,Low,High,Medium,High,Medium,Medium,Medium,Low,Low,Medium,3,0,1,"Suburban, family-focused",Families,"$1,800","$3,070","$640,000",3,Medium,CTrain & Bus,High,High,Medium,High,High,High,Yes,Suburban,Higher noise,81,Tier 2 - Good fit,Mid-market,Crime perception,"transit, green space, student access, downtown access",Starter estimate - verify with official sources,Established suburban,Yes,Medium,"Suburban, family-focused / Suburban"
NW,Banff Trail,Medium,Medium,Kensington / SAIT / NW Calgary,High,Medium,Medium,Medium,Moderate reported crime risk,Mixed households,Medium,Medium,Medium,Medium,Medium,Medium,Medium,Medium,Medium,Medium,Low,Low,Medium,0,0,1,Established mixed community,Mixed residents,"$1,800","$3,070","$640,000",3,Medium,Bus-focused,Low,High,Medium,Medium,Medium,High,Yes,Suburban,Balanced but verify fit,80,Tier 2 - Good fit,Mid-market,Limited major risk in starter model,student access,Starter estimate - verify with official sources,Established suburban,Yes,Medium,Established mixed community / Suburban
NW,Bowness,Medium,High,Kensington / SAIT / NW Calgary,Low,Medium,Medium,Medium,Moderate reported crime risk,Mixed households,Medium,Medium,Medium,Medium,Medium,Medium,Medium,Medium,Medium,Medium,Low,Low,Medium,2,0,1,Established mixed community,Mixed residents,"$1,800","$3,070","$640,000",3,Medium,Bus-focused,Low,High,Medium,Medium,Medium,Medium,Yes,Suburban,Balanced but verify fit,78,Tier 2 - Good fit,Mid-market,Limited major risk in starter model,balanced lifestyle fit,Starter estimate - verify with official sources,Established suburban,Yes,Medium,Established mixed community / Suburban
NW,Brentwood,Medium,High,University of Calgary / Market Mall,High,Medium,Medium,Medium,Moderate reported crime risk,Mixed households,Medium,Medium,Medium,Medium,Medium,Medium,Medium,Medium,Medium,Medium,Low,Low,Medium,2,0,0,Established mixed community,Mixed residents,"$1,800","$3,070","$640,000",3,Medium,CTrain & Bus,Low,High,Medium,Medium,Medium,High,Yes,Suburban,Balanced but verify fit,80,Tier 2 - Good fit,Mid-market,Limited major risk in starter model,student access,Starter estimate - verify with official sources,Established suburban,Yes,Medium,Established mixed community / Suburban
NW,Capitol Hill,Medium,Medium,Kensington / SAIT / NW Calgary,High,Medium,Medium,Medium,Moderate reported crime risk,Mixed households,Medium,Medium,Medium,Medium,Medium,Medium,Medium,Medium,Medium,Medium,Low,Low,Medium,2,0,1,Established mixed community,Mixed residents,"$1,800","$3,070","$640,000",3,Medium,Bus-focused,Low,High,Medium,Medium,Medium,High,Yes,Suburban,Balanced but verify fit,80,Tier 2 - Good fit,Mid-market,Limited major risk in starter model,student access,Starter estimate - verify with official sources,Established suburban,Yes,Medium,Established mixed community / Suburban
NW,Charleswood,Medium,Medium,Kensington / SAIT / NW Calgary,Low,Medium,Medium,Medium,Moderate reported crime risk,Mixed households,Medium,Medium,Medium,Medium,Medium,Medium,Medium,Medium,Medium,Medium,Low,Low,Medium,2,1,1,Established mixed community,Mixed residents,"$1,800","$3,070","$640,000",3,Medium,Bus-focused,Low,High,Medium,Medium,Medium,Medium,Yes,Suburban,Balanced but verify fit,78,Tier 2 - Good fit,Mid-market,Limited major risk in starter model,balanced lifestyle fit,Starter estimate - verify with official sources,Established suburban,Yes,Medium,Established mixed community / Suburban
NW,Citadel,Medium,Medium,Crowfoot / NW Suburbs,Medium,High,Low,Medium,Higher reported crime risk,Families,Medium,Medium,High,Low,High,Medium,High,Medium,Medium,Medium,Low,Low,Medium,1,0,1,"Suburban, family-focused",Families,"$1,800","$3,070","$640,000",3,Medium,CTrain & Bus,High,High,Medium,High,High,High,Yes,Suburban,Higher noise,81,Tier 2 - Good fit,Mid-market,Crime perception,"transit, green space, student access, downtown access",Starter estimate - verify with official sources,Established suburban,Yes,Medium,"Suburban, family-focused / Suburban"
NW,Collingwood,Medium,Medium,Kensington / SAIT / NW Calgary,Low,Medium,Medium,Medium,Moderate reported crime risk,Mixed households,Medium,Medium,Medium,Medium,Medium,Medium,Medium,Medium,Medium,Medium,Low,Low,Medium,2,1,0,Established mixed community,Mixed residents,"$1,800","$3,070","$640,000",3,Medium,Bus-focused,Low,High,Medium,Medium,Medium,Medium,Yes,Suburban,Balanced but verify fit,78,Tier 2 - Good fit,Mid-market,Limited major risk in starter model,balanced lifestyle fit,Starter estimate - verify with official sources,Established suburban,Yes,Medium,Established mixed community / Suburban
NW,Dalhousie,Medium,Medium,Kensington / SAIT / NW Calgary,Low,Medium,Medium,Medium,Moderate reported crime risk,Mixed households,Medium,Medium,Medium,Medium,Medium,Medium,Medium,Medium,Medium,Medium,Low,Low,Medium,1,0,1,Established mixed community,Mixed residents,"$1,800","$3,070","$640,000",3,Medium,CTrain & Bus,Low,High,Medium,Medium,Medium,Medium,Yes,Suburban,Balanced but verify fit,78,Tier 2 - Good fit,Mid-market,Limited major risk in starter model,balanced lifestyle fit,Starter estimate - verify with official sources,Established suburban,Yes,Medium,Established mixed community / Suburban
NW,Edgemont,Medium,Medium,Kensington / SAIT / NW Calgary,Medium,High,Low,Medium,Higher reported crime risk,Families,Medium,Medium,High,Low,High,Medium,High,Medium,Medium,Medium,Low,Low,Medium,1,0,1,"Suburban, family-focused",Families,"$1,800","$3,070","$640,000",3,Medium,CTrain & Bus,High,High,Medium,High,High,High,Yes,Suburban,Higher noise,81,Tier 2 - Good fit,Mid-market,Crime perception,"transit, green space, student access, downtown access",Starter estimate - verify with official sources,Established suburban,Yes,Medium,"Suburban, family-focused / Suburban"
NW,Evanston,Medium,Medium,Kensington / SAIT / NW Calgary,Medium,High,Low,Medium,Higher reported crime risk,Families,Medium,Medium,High,Low,High,Medium,High,Medium,Medium,Medium,Low,Low,Medium,2,1,0,"Suburban, family-focused",Families,"$1,800","$3,070","$640,000",3,Medium,CTrain & Bus,High,High,Medium,High,High,High,Yes,Suburban,Higher noise,81,Tier 2 - Good fit,Mid-market,Crime perception,"transit, green space, student access, downtown access",Starter estimate - verify with official sources,New suburban / master-planned,Yes,Low-Medium,"Suburban, family-focused / Suburban"
NW,Greenwood/Greenbriar,Medium,Medium,University of Calgary / Market Mall,High,Medium,Medium,Medium,Moderate reported crime risk,Mixed households,Medium,Medium,Medium,Medium,Medium,Medium,Medium,Medium,Medium,Medium,Low,Low,Medium,0,0,1,Established mixed community,Mixed residents,"$1,800","$3,070","$640,000",3,Medium,Bus-focused,Low,High,Medium,Medium,Medium,High,Yes,Suburban,Balanced but verify fit,80,Tier 2 - Good fit,Mid-market,Limited major risk in starter model,student access,Starter estimate - verify with official sources,Established suburban,Yes,Medium,Established mixed community / Suburban
NW,Hamptons,Medium,Medium,Kensington / SAIT / NW Calgary,Low,Medium,Medium,Medium,Moderate reported crime risk,Mixed households,Medium,Medium,Medium,Medium,Medium,Medium,Medium,Medium,Medium,Medium,Low,Low,Medium,2,1,1,Established mixed community,Mixed residents,"$1,800","$3,070","$640,000",3,Medium,Bus-focused,Low,High,Medium,Medium,Medium,Medium,Yes,Suburban,Balanced but verify fit,78,Tier 2 - Good fit,Mid-market,Limited major risk in starter model,balanced lifestyle fit,Starter estimate - verify with official sources,Established suburban,Yes,Medium,Established mixed community / Suburban
NW,Hawkwood,Medium,Medium,Kensington / SAIT / NW Calgary,Low,Medium,Medium,Medium,Moderate reported crime risk,Mixed households,Medium,Medium,Medium,Medium,Medium,Medium,Medium,Medium,Medium,Medium,Low,Low,Medium,2,0,0,Established mixed community,Mixed residents,"$1,800","$3,070","$640,000",3,Medium,Bus-focused,Low,High,Medium,Medium,Medium,Medium,Yes,Suburban,Balanced but verify fit,78,Tier 2 - Good fit,Mid-market,Limited major risk in starter model,balanced lifestyle fit,Starter estimate - verify with official sources,Established suburban,Yes,Medium,Established mixed community / Suburban
NW,Hidden Valley,Medium,Medium,Kensington / SAIT / NW Calgary,Low,Medium,Medium,Medium,Moderate reported crime risk,Mixed households,Medium,Medium,Medium,Medium,Medium,Medium,Medium,Medium,Medium,Medium,Low,Low,Medium,1,0,0,Established mixed community,Mixed residents,"$1,800","$3,070","$640,000",3,Medium,Bus-focused,Low,High,Medium,Medium,Medium,Medium,Yes,Suburban,Balanced but verify fit,78,Tier 2 - Good fit,Mid-market,Limited major risk in starter model,balanced lifestyle fit,Starter estimate - verify with official sources,Established suburban,Yes,Medium,Established mixed community / Suburban
NW,Hillhurst,Medium,Medium,University of Calgary / Market Mall,High,High,Low,High,Lower reported crime risk,Young professionals,High,High,Medium,High,Medium,High,Medium,Medium,High,High,High,High,High,0,1,0,"Urban, walkable, social",Young professionals,"$1,680","$2,850","$595,000",5,Medium-High,Bus-focused,Medium,Medium,High,High,High,High,Yes,Balanced,Balanced but verify fit,94,Tier 1 - Strong fit,Lower-cost / value-oriented,Limited major risk in starter model,"walkability, cultural access, family fit, student access",Starter estimate - verify with official sources,Inner-city / walkable,Yes,Medium-High,"Urban, walkable, social / Balanced"
NW,Hounsfield Heights/Briar Hill,Medium,Medium,University of Calgary / Market Mall,High,Medium,Medium,Medium,Moderate reported crime risk,Mixed households,Medium,Medium,Medium,Medium,Medium,Medium,Medium,Medium,Medium,Medium,Low,Low,Medium,2,1,0,Established mixed community,Mixed residents,"$1,800","$3,070","$640,000",3,Medium,Bus-focused,Low,High,Medium,Medium,Medium,High,Yes,Suburban,Balanced but verify fit,80,Tier 2 - Good fit,Mid-market,Limited major risk in starter model,student access,Starter estimate - verify with official sources,Established suburban,Yes,Medium,Established mixed community / Suburban
NW,Kincora,Medium,Medium,Kensington / SAIT / NW Calgary,Low,Medium,Medium,Medium,Moderate reported crime risk,Mixed households,Medium,Medium,Medium,Medium,Medium,Medium,Medium,Medium,Medium,Medium,Low,Low,Medium,0,0,0,Established mixed community,Mixed residents,"$1,800","$3,070","$640,000",3,Medium,Bus-focused,Low,High,Medium,Medium,Medium,Medium,Yes,Suburban,Balanced but verify fit,78,Tier 2 - Good fit,Mid-market,Limited major risk in starter model,balanced lifestyle fit,Starter estimate - verify with official sources,Established suburban,Yes,Medium,Established mixed community / Suburban
NW,Montgomery,Medium,High,University of Calgary / Market Mall,High,Medium,Medium,Medium,Moderate reported crime risk,Mixed households,Medium,Medium,Medium,Medium,Medium,Medium,Medium,Medium,Medium,Medium,Low,Low,Medium,1,1,1,Established mixed community,Mixed residents,"$1,800","$3,070","$640,000",3,Medium,Bus-focused,Low,High,Medium,Medium,Medium,High,Yes,Suburban,Balanced but verify fit,80,Tier 2 - Good fit,Mid-market,Limited major risk in starter model,student access,Starter estimate - verify with official sources,Established suburban,Yes,Medium,Established mixed community / Suburban
NW,Nolan Hill,Medium,Medium,Kensington / SAIT / NW Calgary,Medium,High,Low,Medium,Higher reported crime risk,Families,Medium,Medium,High,Low,High,Medium,High,Medium,Medium,Medium,Low,Low,Medium,1,2,0,"Suburban, family-focused",Families,"$1,800","$3,070","$640,000",3,Medium,CTrain & Bus,High,High,Medium,High,High,High,Yes,Suburban,Higher noise,81,Tier 2 - Good fit,Mid-market,Crime perception,"transit, green space, student access, downtown access",Starter estimate - verify with official sources,Established suburban,Yes,Medium,"Suburban, family-focused / Suburban"
NW,North Haven,Medium,Medium,Kensington / SAIT / NW Calgary,Low,Medium,Medium,Medium,Moderate reported crime risk,Mixed households,Medium,Medium,Medium,Medium,Medium,Medium,Medium,Medium,Medium,Medium,Low,Low,Medium,1,1,1,Established mixed community,Mixed residents,"$1,800","$3,070","$640,000",3,Medium,Bus-focused,Low,High,Medium,Medium,Medium,Medium,Yes,Suburban,Balanced but verify fit,78,Tier 2 - Good fit,Mid-market,Limited major risk in starter model,balanced lifestyle fit,Starter estimate - verify with official sources,Established suburban,Yes,Medium,Established mixed community / Suburban
NW,North Haven Upper,Medium,Medium,Kensington / SAIT / NW Calgary,Low,Medium,Medium,Medium,Moderate reported crime risk,Mixed households,Medium,Medium,Medium,Medium,Medium,Medium,Medium,Medium,Medium,Medium,Low,Low,Medium,0,1,1,Established mixed community,Mixed residents,"$1,800","$3,070","$640,000",3,Medium,Bus-focused,Low,High,Medium,Medium,Medium,Medium,Yes,Suburban,Balanced but verify fit,78,Tier 2 - Good fit,Mid-market,Limited major risk in starter model,balanced lifestyle fit,Starter estimate - verify with official sources,Established suburban,Yes,Medium,Established mixed community / Suburban
NW,Panorama Hills,Medium,Medium,Kensington / SAIT / NW Calgary,Medium,High,Low,Medium,Higher reported crime risk,Families,Medium,Medium,High,Low,High,Medium,High,Medium,Medium,Medium,Low,Low,Medium,2,2,1,"Suburban, family-focused",Families,"$1,800","$3,070","$640,000",3,Medium,CTrain & Bus,High,High,Medium,High,High,High,Yes,Suburban,Higher noise,81,Tier 2 - Good fit,Mid-market,Crime perception,"transit, green space, student access, downtown access",Starter estimate - verify with official sources,Established suburban,Yes,Medium,"Suburban, family-focused / Suburban"
NW,Parkdale,Medium,High,University of Calgary / Market Mall,High,Medium,Medium,Medium,Moderate reported crime risk,Mixed households,Medium,Medium,Medium,Medium,Medium,Medium,Medium,Medium,Medium,Medium,Low,Low,Medium,2,0,1,Established mixed community,Mixed residents,"$1,800","$3,070","$640,000",3,Medium,Bus-focused,Low,High,Medium,Medium,Medium,High,Yes,Suburban,Balanced but verify fit,80,Tier 2 - Good fit,Mid-market,Limited major risk in starter model,student access,Starter estimate - verify with official sources,Established suburban,Yes,Medium,Established mixed community / Suburban
NW,Point McKay,Medium,Medium,Kensington / SAIT / NW Calgary,Low,Medium,Medium,Medium,Moderate reported crime risk,Mixed households,Medium,Medium,Medium,Medium,Medium,Medium,Medium,Medium,Medium,Medium,Low,Low,Medium,1,0,1,Established mixed community,Mixed residents,"$1,800","$3,070","$640,000",3,Medium,Bus-focused,Low,High,Medium,Medium,Medium,Medium,Yes,Suburban,Balanced but verify fit,78,Tier 2 - Good fit,Mid-market,Limited major risk in starter model,balanced lifestyle fit,Starter estimate - verify with official sources,Established suburban,Yes,Medium,Established mixed community / Suburban
NW,Ranchlands,Medium,Medium,Crowfoot / NW Suburbs,Low,Medium,Medium,Medium,Moderate reported crime risk,Mixed households,Medium,Medium,Medium,Medium,Medium,Medium,Medium,Medium,Medium,Medium,Low,Low,Medium,1,1,1,Established mixed community,Mixed residents,"$1,800","$3,070","$640,000",3,Medium,CTrain & Bus,Low,High,Medium,Medium,Medium,Medium,Yes,Suburban,Balanced but verify fit,78,Tier 2 - Good fit,Mid-market,Limited major risk in starter model,balanced lifestyle fit,Starter estimate - verify with official sources,Established suburban,Yes,Medium,Established mixed community / Suburban
NW,Rocky Ridge,Medium,Medium,Crowfoot / NW Suburbs,Medium,High,Low,Medium,Higher reported crime risk,Families,Medium,Medium,High,Low,High,Medium,High,Medium,Medium,Medium,Low,Low,Medium,3,1,0,"Suburban, family-focused",Families,"$1,800","$3,070","$640,000",3,Medium,CTrain & Bus,High,High,Medium,High,High,High,Yes,Suburban,Higher noise,81,Tier 2 - Good fit,Mid-market,Crime perception,"transit, green space, student access, downtown access",Starter estimate - verify with official sources,New suburban / master-planned,Yes,Low-Medium,"Suburban, family-focused / Suburban"
NW,Rosedale,Medium,Medium,Kensington / SAIT / NW Calgary,Low,Medium,Medium,Medium,Moderate reported crime risk,Mixed households,Medium,Medium,Medium,Medium,Medium,Medium,Medium,Medium,Medium,Medium,Low,Low,Medium,0,1,1,Established mixed community,Mixed residents,"$1,800","$3,070","$640,000",3,Medium,Bus-focused,Low,High,Medium,Medium,Medium,Medium,Yes,Suburban,Balanced but verify fit,78,Tier 2 - Good fit,Mid-market,Limited major risk in starter model,balanced lifestyle fit,Starter estimate - verify with official sources,Established suburban,Yes,Medium,Established mixed community / Suburban
NW,Rosemont,Medium,Medium,Kensington / SAIT / NW Calgary,Low,Medium,Medium,Medium,Moderate reported crime risk,Mixed households,Medium,Medium,Medium,Medium,Medium,Medium,Medium,Medium,Medium,Medium,Low,Low,Medium,2,0,1,Established mixed community,Mixed residents,"$1,800","$3,070","$640,000",3,Medium,Bus-focused,Low,High,Medium,Medium,Medium,Medium,Yes,Suburban,Balanced but verify fit,78,Tier 2 - Good fit,Mid-market,Limited major risk in starter model,balanced lifestyle fit,Starter estimate - verify with official sources,Established suburban,Yes,Medium,Established mixed community / Suburban
NW,Royal Oak,Medium,Medium,Crowfoot / NW Suburbs,Medium,High,Low,Medium,Higher reported crime risk,Families,Medium,Medium,High,Low,High,Medium,High,Medium,Medium,Medium,Low,Low,Medium,2,2,1,"Suburban, family-focused",Families,"$1,800","$3,070","$640,000",3,Medium,CTrain & Bus,High,High,Medium,High,High,High,Yes,Suburban,Higher noise,81,Tier 2 - Good fit,Mid-market,Crime perception,"transit, green space, student access, downtown access",Starter estimate - verify with official sources,Established suburban,Yes,Medium,"Suburban, family-focused / Suburban"
NW,Sage Hill,Medium,Medium,Kensington / SAIT / NW Calgary,Medium,High,Low,Medium,Higher reported crime risk,Families,Medium,Medium,High,Low,High,Medium,High,Medium,Medium,Medium,Low,Low,Medium,1,1,0,"Suburban, family-focused",Families,"$1,800","$3,070","$640,000",3,Medium,CTrain & Bus,High,High,Medium,High,High,High,Yes,Suburban,Higher noise,81,Tier 2 - Good fit,Mid-market,Crime perception,"transit, green space, student access, downtown access",Starter estimate - verify with official sources,New suburban / master-planned,Yes,Low-Medium,"Suburban, family-focused / Suburban"
NW,Scenic Acres,Medium,Medium,Kensington / SAIT / NW Calgary,Low,Medium,Medium,Medium,Moderate reported crime risk,Mixed households,Medium,Medium,Medium,Medium,Medium,Medium,Medium,Medium,Medium,Medium,Low,Low,Medium,0,1,1,Established mixed community,Mixed residents,"$1,800","$3,070","$640,000",3,Medium,Bus-focused,Low,High,Medium,Medium,Medium,Medium,Yes,Suburban,Balanced but verify fit,78,Tier 2 - Good fit,Mid-market,Limited major risk in starter model,balanced lifestyle fit,Starter estimate - verify with official sources,Established suburban,Yes,Medium,Established mixed community / Suburban
NW,Sherwood,Medium,Medium,Kensington / SAIT / NW Calgary,Low,Medium,Medium,Medium,Moderate reported crime risk,Mixed households,Medium,Medium,Medium,Medium,Medium,Medium,Medium,Medium,Medium,Medium,Low,Low,Medium,1,1,1,Established mixed community,Mixed residents,"$1,800","$3,070","$640,000",3,Medium,Bus-focused,Low,High,Medium,Medium,Medium,Medium,Yes,Suburban,Balanced but verify fit,78,Tier 2 - Good fit,Mid-market,Limited major risk in starter model,balanced lifestyle fit,Starter estimate - verify with official sources,Established suburban,Yes,Medium,Established mixed community / Suburban
NW,Silver Springs,Medium,Medium,Kensington / SAIT / NW Calgary,Low,Medium,Medium,Medium,Moderate reported crime risk,Mixed households,Medium,Medium,Medium,Medium,Medium,Medium,Medium,Medium,Medium,Medium,Low,Low,Medium,2,1,0,Established mixed community,Mixed residents,"$1,800","$3,070","$640,000",3,Medium,Bus-focused,Low,High,Medium,Medium,Medium,Medium,Yes,Suburban,Balanced but verify fit,78,Tier 2 - Good fit,Mid-market,Limited major risk in starter model,balanced lifestyle fit,Starter estimate - verify with official sources,Established suburban,Yes,Medium,Established mixed community / Suburban
NW,St. Andrews Heights,Medium,High,Kensington / SAIT / NW Calgary,Low,Medium,Medium,Medium,Moderate reported crime risk,Mixed households,Medium,Medium,Medium,Medium,Medium,Medium,Medium,Medium,Medium,Medium,Low,Low,Medium,2,0,0,Established mixed community,Mixed residents,"$1,800","$3,070","$640,000",3,Medium,Bus-focused,Low,High,Medium,Medium,Medium,Medium,Yes,Suburban,Balanced but verify fit,78,Tier 2 - Good fit,Mid-market,Limited major risk in starter model,balanced lifestyle fit,Starter estimate - verify with official sources,Established suburban,Yes,Medium,Established mixed community / Suburban
NW,Tuscany,Medium,Medium,Crowfoot / NW Suburbs,Medium,High,Low,Medium,Higher reported crime risk,Families,Medium,Medium,High,Low,High,Medium,High,Medium,Medium,Medium,Low,Low,Medium,2,1,1,"Suburban, family-focused",Families,"$1,800","$3,070","$640,000",3,Medium,CTrain & Bus,High,High,Medium,High,High,High,Yes,Suburban,Higher noise,81,Tier 2 - Good fit,Mid-market,Crime perception,"transit, green space, student access, downtown access",Starter estimate - verify with official sources,New suburban / master-planned,Yes,Low-Medium,"Suburban, family-focused / Suburban"
NW,University District,Medium,High,University of Calgary / Market Mall,High,Medium,Medium,Medium,Moderate reported crime risk,Mixed households,Medium,Medium,Medium,Medium,Medium,Medium,Medium,Medium,Medium,Medium,Low,Low,Medium,1,1,0,Established mixed community,Mixed residents,"$1,800","$3,070","$640,000",3,Medium,Bus-focused,Low,High,Medium,Medium,Medium,High,Yes,Suburban,Balanced but verify fit,80,Tier 2 - Good fit,Mid-market,Limited major risk in starter model,student access,Starter estimate - verify with official sources,Established suburban,Yes,Medium,Established mixed community / Suburban
NW,University Heights,Medium,High,University of Calgary / Market Mall,High,Medium,Medium,Medium,Moderate reported crime risk,Mixed households,Medium,Medium,Medium,Medium,Medium,Medium,Medium,Medium,Medium,Medium,Low,Low,Medium,1,0,1,Established mixed community,Mixed residents,"$1,800","$3,070","$640,000",3,Medium,Bus-focused,Low,High,Medium,Medium,Medium,High,Yes,Suburban,Balanced but verify fit,80,Tier 2 - Good fit,Mid-market,Limited major risk in starter model,student access,Starter estimate - verify with official sources,Established suburban,Yes,Medium,Established mixed community / Suburban
NW,Varsity,Medium,High,University of Calgary / Market Mall,High,High,Low,Medium,Higher reported crime risk,Families,Medium,Medium,High,Low,High,Medium,High,Medium,Medium,Medium,Low,Low,Medium,2,2,1,"Suburban, family-focused",Families,"$1,800","$3,070","$640,000",3,Medium,CTrain & Bus,High,High,Medium,High,High,High,Yes,Suburban,Higher noise,81,Tier 2 - Good fit,Mid-market,Crime perception,"transit, green space, student access, downtown access",Starter estimate - verify with official sources,Established suburban,Yes,Medium,"Suburban, family-focused / Suburban"
NW,West Hillhurst,Medium,Medium,University of Calgary / Market Mall,High,High,Low,High,Lower reported crime risk,Young professionals,High,High,Medium,High,Medium,High,Medium,Medium,High,High,High,High,High,1,1,0,"Urban, walkable, social",Young professionals,"$1,680","$2,850","$595,000",5,Medium-High,Bus-focused,Medium,Medium,High,High,High,High,Yes,Balanced,Balanced but verify fit,94,Tier 1 - Strong fit,Lower-cost / value-oriented,Limited major risk in starter model,"walkability, cultural access, family fit, student access",Starter estimate - verify with official sources,Inner-city / walkable,Yes,Medium-High,"Urban, walkable, social / Balanced"
NE,Abbeydale,High,Medium,Sunridge / Marlborough / Airport,Low,Medium,Medium,High,Higher reported crime risk,Newcomers/families,High,Medium,Medium,Low,High,Medium,Medium,Very High,Very High,Very High,Very High,Very High,High,1,0,1,"Diverse, family-oriented",Newcomers/families,"$1,360","$1,870","$390,000",5,Medium,Bus-focused,High,High,High,High,Medium,Medium,Yes,Suburban,Higher noise,82,Tier 2 - Good fit,Lower-cost / value-oriented,Crime perception,cultural access,Starter estimate - verify with official sources,Established suburban,Yes,Medium,"Diverse, family-oriented / Suburban"
NE,Airport,High,Medium,Sunridge / Marlborough / Airport,Low,Low,High,High,Higher reported crime risk,Workers/Commercial,Low,Low,Low,Low,Low,Low,Low,Low,Low,Low,Medium,Medium,Medium,0,0,0,Commercial/industrial area,Workers/commuters,"$1,720","$2,730","$570,000",1,Low,Primarily car-based,Medium-High,High,High,Low,Medium,Medium,Yes,Suburban,Less affordable; car dependent; higher noise,56,Tier 4 - Validate carefully,Premium / higher-cost,Affordability pressure,balanced lifestyle fit,Starter estimate - verify with official sources,Established suburban,Yes,Medium,Commercial/industrial area / Suburban
NE,Applewood Park,High,Medium,Sunridge / Marlborough / Airport,Low,Medium,Medium,High,Higher reported crime risk,Newcomers/families,High,Medium,Medium,Low,High,Medium,Medium,Very High,Very High,Very High,Very High,Very High,High,3,2,0,"Diverse, family-oriented",Newcomers/families,"$1,360","$1,870","$390,000",5,Medium,Bus-focused,High,High,High,High,Medium,Medium,Yes,Suburban,Higher noise,82,Tier 2 - Good fit,Lower-cost / value-oriented,Crime perception,cultural access,Starter estimate - verify with official sources,Established suburban,Yes,Medium,"Diverse, family-oriented / Suburban"
NE,Bridgeland/Riverside,High,Medium,Sunridge / Marlborough / Airport,Low,Medium,Low,High,Lower reported crime risk,Young professionals,High,High,Medium,High,Medium,High,Medium,Medium,High,High,High,High,High,2,1,1,"Urban, walkable, social",Young professionals,"$1,480","$2,180","$455,000",5,Medium-High,CTrain & Bus,Medium-High,Medium,High,High,High,Medium,Yes,Balanced,Higher noise,93,Tier 1 - Strong fit,Lower-cost / value-oriented,Noise / congestion,"walkability, cultural access, family fit",Starter estimate - verify with official sources,Inner-city / walkable,Yes,Medium-High,"Urban, walkable, social / Balanced"
NE,Castleridge,High,Medium,Sunridge / Marlborough / Airport,Low,Medium,Medium,High,Higher reported crime risk,Newcomers/families,High,Medium,Medium,Low,High,Medium,Medium,Very High,Very High,Very High,Very High,Very High,High,1,0,0,"Diverse, family-oriented",Newcomers/families,"$1,360","$1,870","$390,000",5,Medium,Bus-focused,High,High,High,High,Medium,Medium,Yes,Suburban,Higher noise,82,Tier 2 - Good fit,Lower-cost / value-oriented,Crime perception,cultural access,Starter estimate - verify with official sources,Established suburban,Yes,Medium,"Diverse, family-oriented / Suburban"
NE,Cityscape,High,Medium,Airport / Saddletowne / Stoney NE,Low,Medium,Medium,High,Higher reported crime risk,Newcomers/families,High,Medium,Medium,Low,High,Medium,Medium,Very High,Very High,Very High,Very High,Very High,High,3,0,1,"Diverse, family-oriented",Newcomers/families,"$1,360","$1,870","$390,000",5,Medium,Bus-focused,High,High,High,High,Medium,Medium,Yes,Suburban,Higher noise,82,Tier 2 - Good fit,Lower-cost / value-oriented,Crime perception,cultural access,Starter estimate - verify with official sources,New suburban / master-planned,Yes,Low-Medium,"Diverse, family-oriented / Suburban"
NE,Coral Springs,High,Medium,Sunridge / Marlborough / Airport,Low,Medium,Medium,High,Higher reported crime risk,Newcomers/families,High,Medium,Medium,Low,High,Medium,High,Very High,Very High,Very High,Very High,Very High,High,3,0,1,"Diverse, family-oriented",Newcomers/families,"$1,360","$1,870","$390,000",5,Medium,Bus-focused,High,High,High,High,High,Medium,Yes,Suburban,Higher noise,84,Tier 2 - Good fit,Lower-cost / value-oriented,Crime perception,"green space, cultural access",Starter estimate - verify with official sources,Established suburban,Yes,Medium,"Diverse, family-oriented / Suburban"
NE,Cornerstone,High,Medium,Airport / Saddletowne / Stoney NE,Low,Medium,Medium,High,Higher reported crime risk,Newcomers/families,High,Medium,Medium,Low,High,Medium,High,Very High,Very High,Very High,Very High,Very High,High,2,2,0,"Diverse, family-oriented",Newcomers/families,"$1,360","$1,870","$390,000",5,Medium,Bus-focused,High,High,High,High,High,Medium,Yes,Suburban,Higher noise,84,Tier 2 - Good fit,Lower-cost / value-oriented,Crime perception,"green space, cultural access",Starter estimate - verify with official sources,New suburban / master-planned,Yes,Low-Medium,"Diverse, family-oriented / Suburban"
NE,Coventry Hills,High,Medium,Sunridge / Marlborough / Airport,Low,Medium,Medium,High,Higher reported crime risk,Newcomers/families,High,Medium,Medium,Low,High,Medium,Medium,Very High,Very High,Very High,Very High,Very High,High,3,1,0,"Diverse, family-oriented",Newcomers/families,"$1,360","$1,870","$390,000",5,Medium,Bus-focused,High,High,High,High,Medium,Medium,Yes,Suburban,Higher noise,82,Tier 2 - Good fit,Lower-cost / value-oriented,Crime perception,cultural access,Starter estimate - verify with official sources,Established suburban,Yes,Medium,"Diverse, family-oriented / Suburban"
NE,Falconridge,High,Medium,Sunridge / Marlborough / Airport,Low,Medium,Medium,High,Higher reported crime risk,Newcomers/families,High,Medium,Medium,Low,High,Medium,Medium,Very High,Very High,Very High,Very High,Very High,High,2,1,1,"Diverse, family-oriented",Newcomers/families,"$1,360","$1,870","$390,000",5,Medium,Bus-focused,High,High,High,High,Medium,Medium,Yes,Suburban,Higher noise,82,Tier 2 - Good fit,Lower-cost / value-oriented,Crime perception,cultural access,Starter estimate - verify with official sources,Established suburban,Yes,Medium,"Diverse, family-oriented / Suburban"
NE,Franklin,High,Medium,Sunridge / Marlborough / Airport,Low,Low,High,High,Higher reported crime risk,Workers/Commercial,Low,Low,Low,Low,Low,Low,Low,Low,Low,Low,Medium,Medium,Medium,0,0,0,Commercial/industrial area,Workers/commuters,"$1,720","$2,730","$570,000",1,Low,Primarily car-based,Medium-High,High,High,Low,Medium,Medium,Yes,Suburban,Less affordable; car dependent; higher noise,56,Tier 4 - Validate carefully,Premium / higher-cost,Affordability pressure,balanced lifestyle fit,Starter estimate - verify with official sources,Established suburban,Yes,Medium,Commercial/industrial area / Suburban
NE,Harvest Hills,High,Medium,Sunridge / Marlborough / Airport,Low,Medium,Medium,High,Higher reported crime risk,Newcomers/families,High,Medium,Medium,Low,High,Medium,Medium,Very High,Very High,Very High,Very High,Very High,High,2,1,1,"Diverse, family-oriented",Newcomers/families,"$1,360","$1,870","$390,000",5,Medium,Bus-focused,High,High,High,High,Medium,Medium,Yes,Suburban,Higher noise,82,Tier 2 - Good fit,Lower-cost / value-oriented,Crime perception,cultural access,Starter estimate - verify with official sources,Established suburban,Yes,Medium,"Diverse, family-oriented / Suburban"
NE,Horizon,High,Medium,Sunridge / Marlborough / Airport,Low,Low,High,High,Higher reported crime risk,Workers/Commercial,Low,Low,Low,Low,Low,Low,Low,Low,Low,Low,Medium,Medium,Medium,0,0,0,Commercial/industrial area,Workers/commuters,"$1,720","$2,730","$570,000",1,Low,Primarily car-based,Medium-High,High,High,Low,Medium,Medium,Yes,Suburban,Less affordable; car dependent; higher noise,56,Tier 4 - Validate carefully,Premium / higher-cost,Affordability pressure,balanced lifestyle fit,Starter estimate - verify with official sources,Established suburban,Yes,Medium,Commercial/industrial area / Suburban
NE,Marlborough,High,High,Sunridge / Marlborough / Airport,Low,Medium,Medium,High,Higher reported crime risk,Newcomers/families,High,Medium,Medium,Low,High,Medium,Medium,Very High,Very High,Very High,Very High,Very High,High,2,1,1,"Diverse, family-oriented",Newcomers/families,"$1,360","$1,870","$390,000",5,Medium,CTrain & Bus,High,High,High,High,Medium,Medium,Yes,Suburban,Higher noise,82,Tier 2 - Good fit,Lower-cost / value-oriented,Crime perception,cultural access,Starter estimate - verify with official sources,Established suburban,Yes,Medium,"Diverse, family-oriented / Suburban"
NE,Marlborough Park,High,High,Sunridge / Marlborough / Airport,Low,Medium,Medium,High,Higher reported crime risk,Newcomers/families,High,Medium,Medium,Low,High,Medium,Medium,Very High,Very High,Very High,Very High,Very High,High,1,1,0,"Diverse, family-oriented",Newcomers/families,"$1,360","$1,870","$390,000",5,Medium,CTrain & Bus,High,High,High,High,Medium,Medium,Yes,Suburban,Higher noise,82,Tier 2 - Good fit,Lower-cost / value-oriented,Crime perception,cultural access,Starter estimate - verify with official sources,Established suburban,Yes,Medium,"Diverse, family-oriented / Suburban"
NE,Martindale,High,Medium,Airport / Saddletowne / Stoney NE,Low,Medium,Medium,High,Higher reported crime risk,Newcomers/families,High,Medium,Medium,Low,High,Medium,High,Very High,Very High,Very High,Very High,Very High,High,1,0,1,"Diverse, family-oriented",Newcomers/families,"$1,360","$1,870","$390,000",5,Medium,CTrain & Bus,High,High,High,High,High,Medium,Yes,Suburban,Higher noise,84,Tier 2 - Good fit,Lower-cost / value-oriented,Crime perception,"green space, cultural access",Starter estimate - verify with official sources,Established suburban,Yes,Medium,"Diverse, family-oriented / Suburban"
NE,Mayland Heights,High,Medium,Sunridge / Marlborough / Airport,Low,Medium,Medium,High,Higher reported crime risk,Newcomers/families,High,Medium,Medium,Low,High,Medium,Medium,Very High,Very High,Very High,Very High,Very High,High,3,2,1,"Diverse, family-oriented",Newcomers/families,"$1,360","$1,870","$390,000",5,Medium,Bus-focused,High,High,High,High,Medium,Medium,Yes,Suburban,Higher noise,82,Tier 2 - Good fit,Lower-cost / value-oriented,Crime perception,cultural access,Starter estimate - verify with official sources,Established suburban,Yes,Medium,"Diverse, family-oriented / Suburban"
NE,McCall,High,Medium,Sunridge / Marlborough / Airport,Low,Low,High,High,Higher reported crime risk,Workers/Commercial,Low,Low,Low,Low,Low,Low,Low,Low,Low,Low,Medium,Medium,Medium,0,0,0,Commercial/industrial area,Workers/commuters,"$1,720","$2,730","$570,000",1,Low,Primarily car-based,Medium-High,High,High,Low,Medium,Medium,Yes,Suburban,Less affordable; car dependent; higher noise,56,Tier 4 - Validate carefully,Premium / higher-cost,Affordability pressure,balanced lifestyle fit,Starter estimate - verify with official sources,Established suburban,Yes,Medium,Commercial/industrial area / Suburban
NE,Meridian,High,Medium,Sunridge / Marlborough / Airport,Low,Low,High,High,Higher reported crime risk,Workers/Commercial,Low,Low,Low,Low,Low,Low,Low,Low,Low,Low,Medium,Medium,Medium,0,0,0,Commercial/industrial area,Workers/commuters,"$1,720","$2,730","$570,000",1,Low,Primarily car-based,Medium-High,High,High,Low,Medium,Medium,Yes,Suburban,Less affordable; car dependent; higher noise,56,Tier 4 - Validate carefully,Premium / higher-cost,Affordability pressure,balanced lifestyle fit,Starter estimate - verify with official sources,Established suburban,Yes,Medium,Commercial/industrial area / Suburban
NE,Monterey Park,High,Medium,Sunridge / Marlborough / Airport,Low,Medium,Medium,High,Higher reported crime risk,Newcomers/families,High,Medium,Medium,Low,High,Medium,Medium,Very High,Very High,Very High,Very High,Very High,High,3,2,0,"Diverse, family-oriented",Newcomers/families,"$1,360","$1,870","$390,000",5,Medium,Bus-focused,High,High,High,High,Medium,Medium,Yes,Suburban,Higher noise,82,Tier 2 - Good fit,Lower-cost / value-oriented,Crime perception,cultural access,Starter estimate - verify with official sources,Established suburban,Yes,Medium,"Diverse, family-oriented / Suburban"
NE,Pegasus,High,Medium,Sunridge / Marlborough / Airport,Low,Low,High,High,Higher reported crime risk,Workers/Commercial,Low,Low,Low,Low,Low,Low,Low,Low,Low,Low,Medium,Medium,Medium,0,0,0,Commercial/industrial area,Workers/commuters,"$1,720","$2,730","$570,000",1,Low,Primarily car-based,Medium-High,High,High,Low,Medium,Medium,Yes,Suburban,Less affordable; car dependent; higher noise,56,Tier 4 - Validate carefully,Premium / higher-cost,Affordability pressure,balanced lifestyle fit,Starter estimate - verify with official sources,Established suburban,Yes,Medium,Commercial/industrial area / Suburban
NE,Pineridge,High,Medium,Sunridge / Marlborough / Airport,Low,Medium,Medium,High,Higher reported crime risk,Newcomers/families,High,Medium,Medium,Low,High,Medium,Medium,Very High,Very High,Very High,Very High,Very High,High,1,2,1,"Diverse, family-oriented",Newcomers/families,"$1,360","$1,870","$390,000",5,Medium,Bus-focused,High,High,High,High,Medium,Medium,Yes,Suburban,Higher noise,82,Tier 2 - Good fit,Lower-cost / value-oriented,Crime perception,cultural access,Starter estimate - verify with official sources,Established suburban,Yes,Medium,"Diverse, family-oriented / Suburban"
NE,Redstone,High,Medium,Airport / Saddletowne / Stoney NE,Low,Medium,Medium,High,Higher reported crime risk,Newcomers/families,High,Medium,Medium,Low,High,Medium,High,Very High,Very High,Very High,Very High,Very High,High,3,2,1,"Diverse, family-oriented",Newcomers/families,"$1,360","$1,870","$390,000",5,Medium,Bus-focused,High,High,High,High,High,Medium,Yes,Suburban,Higher noise,84,Tier 2 - Good fit,Lower-cost / value-oriented,Crime perception,"green space, cultural access",Starter estimate - verify with official sources,New suburban / master-planned,Yes,Low-Medium,"Diverse, family-oriented / Suburban"
NE,Renfrew,High,Medium,Sunridge / Marlborough / Airport,Low,Medium,Medium,High,Higher reported crime risk,Newcomers/families,High,Medium,Medium,Low,High,Medium,Medium,Very High,Very High,Very High,Very High,Very High,High,3,1,0,"Diverse, family-oriented",Newcomers/families,"$1,360","$1,870","$390,000",5,Medium,Bus-focused,High,High,High,High,Medium,Medium,Yes,Suburban,Higher noise,82,Tier 2 - Good fit,Lower-cost / value-oriented,Crime perception,cultural access,Starter estimate - verify with official sources,Established suburban,Yes,Medium,"Diverse, family-oriented / Suburban"
NE,Rundle,High,High,Sunridge / Marlborough / Airport,Low,Medium,Medium,High,Higher reported crime risk,Newcomers/families,High,Medium,Medium,Low,High,Medium,Medium,Very High,Very High,Very High,Very High,Very High,High,1,2,1,"Diverse, family-oriented",Newcomers/families,"$1,360","$1,870","$390,000",5,Medium,CTrain & Bus,High,High,High,High,Medium,Medium,Yes,Suburban,Higher noise,82,Tier 2 - Good fit,Lower-cost / value-oriented,Crime perception,cultural access,Starter estimate - verify with official sources,Established suburban,Yes,Medium,"Diverse, family-oriented / Suburban"
NE,Saddle Ridge,High,Medium,Airport / Saddletowne / Stoney NE,Low,Medium,Medium,High,Higher reported crime risk,Newcomers/families,High,Medium,Medium,Low,High,Medium,High,Very High,Very High,Very High,Very High,Very High,High,1,0,0,"Diverse, family-oriented",Newcomers/families,"$1,360","$1,870","$390,000",5,Medium,CTrain & Bus,High,High,High,High,High,Medium,Yes,Suburban,Higher noise,84,Tier 2 - Good fit,Lower-cost / value-oriented,Crime perception,"green space, cultural access",Starter estimate - verify with official sources,Established suburban,Yes,Medium,"Diverse, family-oriented / Suburban"
NE,Saddle Ridge Industrial,High,Medium,Airport / Saddletowne / Stoney NE,Low,Low,High,High,Higher reported crime risk,Workers/Commercial,Low,Low,Low,Low,Low,Low,Low,Low,Low,Low,Medium,Medium,Medium,0,0,0,Commercial/industrial area,Workers/commuters,"$1,720","$2,730","$570,000",1,Low,CTrain & Bus,Medium-High,High,High,Low,Medium,Medium,Yes,Suburban,Less affordable; car dependent; higher noise,56,Tier 4 - Validate carefully,Premium / higher-cost,Affordability pressure,balanced lifestyle fit,Starter estimate - verify with official sources,Established suburban,Yes,Medium,Commercial/industrial area / Suburban
NE,Skyview Ranch,High,Medium,Airport / Saddletowne / Stoney NE,Low,Medium,Medium,High,Higher reported crime risk,Newcomers/families,High,Medium,Medium,Low,High,Medium,High,Very High,Very High,Very High,Very High,Very High,High,1,2,0,"Diverse, family-oriented",Newcomers/families,"$1,360","$1,870","$390,000",5,Medium,Bus-focused,High,High,High,High,High,Medium,Yes,Suburban,Higher noise,84,Tier 2 - Good fit,Lower-cost / value-oriented,Crime perception,"green space, cultural access",Starter estimate - verify with official sources,New suburban / master-planned,Yes,Low-Medium,"Diverse, family-oriented / Suburban"
NE,Stoney 1,High,Medium,Sunridge / Marlborough / Airport,Low,Low,High,High,Higher reported crime risk,Workers/Commercial,Low,Low,Low,Low,Low,Low,Low,Low,Low,Low,Medium,Medium,Medium,0,0,0,Commercial/industrial area,Workers/commuters,"$1,720","$2,730","$570,000",1,Low,Primarily car-based,Medium-High,High,High,Low,Medium,Medium,Yes,Suburban,Less affordable; car dependent; higher noise,56,Tier 4 - Validate carefully,Premium / higher-cost,Affordability pressure,balanced lifestyle fit,Starter estimate - verify with official sources,Established suburban,Yes,Medium,Commercial/industrial area / Suburban
NE,Stoney 2,High,Medium,Sunridge / Marlborough / Airport,Low,Low,High,High,Higher reported crime risk,Workers/Commercial,Low,Low,Low,Low,Low,Low,Low,Low,Low,Low,Medium,Medium,Medium,0,0,0,Commercial/industrial area,Workers/commuters,"$1,720","$2,730","$570,000",1,Low,Primarily car-based,Medium-High,High,High,Low,Medium,Medium,Yes,Suburban,Less affordable; car dependent; higher noise,56,Tier 4 - Validate carefully,Premium / higher-cost,Affordability pressure,balanced lifestyle fit,Starter estimate - verify with official sources,Established suburban,Yes,Medium,Commercial/industrial area / Suburban
NE,Stoney 3,High,Medium,Sunridge / Marlborough / Airport,Low,Low,High,High,Higher reported crime risk,Workers/Commercial,Low,Low,Low,Low,Low,Low,Low,Low,Low,Low,Medium,Medium,Medium,0,0,0,Commercial/industrial area,Workers/commuters,"$1,720","$2,730","$570,000",1,Low,Primarily car-based,Medium-High,High,High,Low,Medium,Medium,Yes,Suburban,Less affordable; car dependent; higher noise,56,Tier 4 - Validate carefully,Premium / higher-cost,Affordability pressure,balanced lifestyle fit,Starter estimate - verify with official sources,Established suburban,Yes,Medium,Commercial/industrial area / Suburban
NE,Stoney 4,High,Medium,Sunridge / Marlborough / Airport,Low,Low,High,High,Higher reported crime risk,Workers/Commercial,Low,Low,Low,Low,Low,Low,Low,Low,Low,Low,Medium,Medium,Medium,0,0,0,Commercial/industrial area,Workers/commuters,"$1,720","$2,730","$570,000",1,Low,Primarily car-based,Medium-High,High,High,Low,Medium,Medium,Yes,Suburban,Less affordable; car dependent; higher noise,56,Tier 4 - Validate carefully,Premium / higher-cost,Affordability pressure,balanced lifestyle fit,Starter estimate - verify with official sources,Established suburban,Yes,Medium,Commercial/industrial area / Suburban
NE,Stoney 5,High,Medium,Sunridge / Marlborough / Airport,Low,Low,High,High,Higher reported crime risk,Workers/Commercial,Low,Low,Low,Low,Low,Low,Low,Low,Low,Low,Medium,Medium,Medium,0,0,0,Commercial/industrial area,Workers/commuters,"$1,720","$2,730","$570,000",1,Low,Primarily car-based,Medium-High,High,High,Low,Medium,Medium,Yes,Suburban,Less affordable; car dependent; higher noise,56,Tier 4 - Validate carefully,Premium / higher-cost,Affordability pressure,balanced lifestyle fit,Starter estimate - verify with official sources,Established suburban,Yes,Medium,Commercial/industrial area / Suburban
NE,Sunridge,High,Medium,Sunridge / Marlborough / Airport,Low,Low,High,High,Higher reported crime risk,Workers/Commercial,Low,Low,Low,Low,Low,Low,Low,Low,Low,Low,Medium,Medium,Medium,0,0,0,Commercial/industrial area,Workers/commuters,"$1,720","$2,730","$570,000",1,Low,Primarily car-based,Medium-High,High,High,Low,Medium,Medium,Yes,Suburban,Less affordable; car dependent; higher noise,56,Tier 4 - Validate carefully,Premium / higher-cost,Affordability pressure,balanced lifestyle fit,Starter estimate - verify with official sources,Established suburban,Yes,Medium,Commercial/industrial area / Suburban
NE,Taradale,High,Medium,Airport / Saddletowne / Stoney NE,Low,Medium,Medium,High,Higher reported crime risk,Newcomers/families,High,Medium,Medium,Low,High,Medium,High,Very High,Very High,Very High,Very High,Very High,High,2,2,0,"Diverse, family-oriented",Newcomers/families,"$1,360","$1,870","$390,000",5,Medium,Bus-focused,High,High,High,High,High,Medium,Yes,Suburban,Higher noise,84,Tier 2 - Good fit,Lower-cost / value-oriented,Crime perception,"green space, cultural access",Starter estimate - verify with official sources,Established suburban,Yes,Medium,"Diverse, family-oriented / Suburban"
NE,Temple,High,Medium,Sunridge / Marlborough / Airport,Low,Medium,Medium,High,Higher reported crime risk,Newcomers/families,High,Medium,Medium,Low,High,Medium,Medium,Very High,Very High,Very High,Very High,Very High,High,1,1,0,"Diverse, family-oriented",Newcomers/families,"$1,360","$1,870","$390,000",5,Medium,Bus-focused,High,High,High,High,Medium,Medium,Yes,Suburban,Higher noise,82,Tier 2 - Good fit,Lower-cost / value-oriented,Crime perception,cultural access,Starter estimate - verify with official sources,Established suburban,Yes,Medium,"Diverse, family-oriented / Suburban"
NE,Vista Heights,High,Medium,Sunridge / Marlborough / Airport,Low,Medium,Medium,High,Higher reported crime risk,Newcomers/families,High,Medium,Medium,Low,High,Medium,Medium,Very High,Very High,Very High,Very High,Very High,High,1,2,1,"Diverse, family-oriented",Newcomers/families,"$1,360","$1,870","$390,000",5,Medium,Bus-focused,High,High,High,High,Medium,Medium,Yes,Suburban,Higher noise,82,Tier 2 - Good fit,Lower-cost / value-oriented,Crime perception,cultural access,Starter estimate - verify with official sources,Established suburban,Yes,Medium,"Diverse, family-oriented / Suburban"
NE,Whitehorn,High,High,Sunridge / Marlborough / Airport,Low,Medium,Medium,High,Higher reported crime risk,Newcomers/families,High,Medium,Medium,Low,High,Medium,Medium,Very High,Very High,Very High,Very High,Very High,High,1,2,0,"Diverse, family-oriented",Newcomers/families,"$1,360","$1,870","$390,000",5,Medium,CTrain & Bus,High,High,High,High,Medium,Medium,Yes,Suburban,Higher noise,82,Tier 2 - Good fit,Lower-cost / value-oriented,Crime perception,cultural access,Starter estimate - verify with official sources,Established suburban,Yes,Medium,"Diverse, family-oriented / Suburban"
NE,Winston Heights/Mountview,High,Medium,Sunridge / Marlborough / Airport,Low,Medium,Medium,High,Higher reported crime risk,Newcomers/families,High,Medium,Medium,Low,High,Medium,Medium,Very High,Very High,Very High,Very High,Very High,High,3,2,1,"Diverse, family-oriented",Newcomers/families,"$1,360","$1,870","$390,000",5,Medium,Bus-focused,High,High,High,High,Medium,Medium,Yes,Suburban,Higher noise,82,Tier 2 - Good fit,Lower-cost / value-oriented,Crime perception,cultural access,Starter estimate - verify with official sources,Established suburban,Yes,Medium,"Diverse, family-oriented / Suburban"
SE,Acadia,Low,Medium,Deerfoot Meadows / South Calgary,Low,Medium,Medium,Medium,Moderate reported crime risk,Mixed households,Medium,Medium,Medium,Medium,Medium,Medium,Medium,Medium,Medium,Medium,Low,Low,Medium,0,0,1,Established mixed community,Mixed residents,"$1,750","$2,920","$610,000",3,Medium,Bus-focused,Low,High,Medium,Medium,Medium,Medium,Yes,Suburban,Balanced but verify fit,78,Tier 2 - Good fit,Mid-market,Limited major risk in starter model,balanced lifestyle fit,Starter estimate - verify with official sources,Established suburban,Yes,Medium,Established mixed community / Suburban
SE,Alyth/Bonnybrook,Low,Medium,Deerfoot Meadows / South Calgary,Low,Low,High,Low,Higher reported crime risk,Workers/Commercial,Low,Low,Low,Low,Low,Low,Low,Low,Low,Low,Low,Low,Medium,0,0,0,Commercial/industrial area,Workers/commuters,"$1,870","$3,260","$680,000",1,Low,Primarily car-based,Low,High,Medium-Low,Low,Medium,Low,Yes,Suburban,Less affordable; car dependent; limited transit,56,Tier 4 - Validate carefully,Premium / higher-cost,Affordability pressure,balanced lifestyle fit,Starter estimate - verify with official sources,Established suburban,Yes,Medium,Commercial/industrial area / Suburban
SE,Auburn Bay,Low,High,Seton / South Health Campus,Medium,Medium,Low,Medium,Higher reported crime risk,Families,Medium,Medium,High,Low,High,Medium,High,Medium,Medium,Medium,Low,Low,Medium,1,1,1,"Suburban, family-focused",Families,"$1,750","$2,920","$610,000",3,Medium,CTrain & Bus,High,High,Medium,High,High,High,Yes,Suburban,Higher noise,81,Tier 2 - Good fit,Mid-market,Crime perception,"transit, green space, student access",Starter estimate - verify with official sources,New suburban / master-planned,Yes,Low-Medium,"Suburban, family-focused / Suburban"
SE,Belvedere,Low,Medium,Deerfoot Meadows / South Calgary,Low,Medium,Medium,Medium,Moderate reported crime risk,Mixed households,Medium,Medium,Medium,Medium,Medium,Medium,Medium,Medium,Medium,Medium,Low,Low,Medium,1,0,0,Established mixed community,Mixed residents,"$1,750","$2,920","$610,000",3,Medium,Bus-focused,Low,High,Medium,Medium,Medium,Medium,Yes,Suburban,Balanced but verify fit,78,Tier 2 - Good fit,Mid-market,Limited major risk in starter model,balanced lifestyle fit,Starter estimate - verify with official sources,Established suburban,Yes,Medium,Established mixed community / Suburban
SE,Chaparral,Low,Medium,Seton / South Health Campus,Medium,Medium,Low,Medium,Higher reported crime risk,Families,Medium,Medium,High,Low,High,Medium,High,Medium,Medium,Medium,Low,Low,Medium,1,1,0,"Suburban, family-focused",Families,"$1,750","$2,920","$610,000",3,Medium,CTrain & Bus,High,High,Medium,High,High,High,Yes,Suburban,Higher noise,81,Tier 2 - Good fit,Mid-market,Crime perception,"transit, green space, student access",Starter estimate - verify with official sources,Established suburban,Yes,Medium,"Suburban, family-focused / Suburban"
SE,Copperfield,Low,Medium,Deerfoot Meadows / South Calgary,Medium,Medium,Low,Medium,Higher reported crime risk,Families,Medium,Medium,High,Low,High,Medium,High,Medium,Medium,Medium,Low,Low,Medium,1,0,0,"Suburban, family-focused",Families,"$1,750","$2,920","$610,000",3,Medium,CTrain & Bus,High,High,Medium,High,High,High,Yes,Suburban,Higher noise,81,Tier 2 - Good fit,Mid-market,Crime perception,"transit, green space, student access",Starter estimate - verify with official sources,Established suburban,Yes,Medium,"Suburban, family-focused / Suburban"
SE,Cranston,Low,High,Seton / South Health Campus,Medium,Medium,Low,Medium,Higher reported crime risk,Families,Medium,Medium,High,Low,High,Medium,High,Medium,Medium,Medium,Low,Low,Medium,1,0,1,"Suburban, family-focused",Families,"$1,750","$2,920","$610,000",3,Medium,CTrain & Bus,High,High,Medium,High,High,High,Yes,Suburban,Higher noise,81,Tier 2 - Good fit,Mid-market,Crime perception,"transit, green space, student access",Starter estimate - verify with official sources,Established suburban,Yes,Medium,"Suburban, family-focused / Suburban"
SE,Deer Ridge,Low,Medium,Deerfoot Meadows / South Calgary,Low,Medium,Medium,Medium,Moderate reported crime risk,Mixed households,Medium,Medium,Medium,Medium,Medium,Medium,Medium,Medium,Medium,Medium,Low,Low,Medium,0,0,1,Established mixed community,Mixed residents,"$1,750","$2,920","$610,000",3,Medium,Bus-focused,Low,High,Medium,Medium,Medium,Medium,Yes,Suburban,Balanced but verify fit,78,Tier 2 - Good fit,Mid-market,Limited major risk in starter model,balanced lifestyle fit,Starter estimate - verify with official sources,Established suburban,Yes,Medium,Established mixed community / Suburban
SE,Deer Run,Low,Medium,Deerfoot Meadows / South Calgary,Low,Medium,Medium,Medium,Moderate reported crime risk,Mixed households,Medium,Medium,Medium,Medium,Medium,Medium,Medium,Medium,Medium,Medium,Low,Low,Medium,2,1,0,Established mixed community,Mixed residents,"$1,750","$2,920","$610,000",3,Medium,Bus-focused,Low,High,Medium,Medium,Medium,Medium,Yes,Suburban,Balanced but verify fit,78,Tier 2 - Good fit,Mid-market,Limited major risk in starter model,balanced lifestyle fit,Starter estimate - verify with official sources,Established suburban,Yes,Medium,Established mixed community / Suburban
SE,Diamond Cove,Low,Medium,Deerfoot Meadows / South Calgary,Low,Medium,Medium,Medium,Moderate reported crime risk,Mixed households,Medium,Medium,Medium,Medium,Medium,Medium,Medium,Medium,Medium,Medium,Low,Low,Medium,1,0,1,Established mixed community,Mixed residents,"$1,750","$2,920","$610,000",3,Medium,Bus-focused,Low,High,Medium,Medium,Medium,Medium,Yes,Suburban,Balanced but verify fit,78,Tier 2 - Good fit,Mid-market,Limited major risk in starter model,balanced lifestyle fit,Starter estimate - verify with official sources,Established suburban,Yes,Medium,Established mixed community / Suburban
SE,Douglasdale/Glen,Low,Medium,Deerfoot Meadows / South Calgary,Low,Medium,Medium,Medium,Moderate reported crime risk,Mixed households,Medium,Medium,Medium,Medium,Medium,Medium,Medium,Medium,Medium,Medium,Low,Low,Medium,2,1,0,Established mixed community,Mixed residents,"$1,750","$2,920","$610,000",3,Medium,Bus-focused,Low,High,Medium,Medium,Medium,Medium,Yes,Suburban,Balanced but verify fit,78,Tier 2 - Good fit,Mid-market,Limited major risk in starter model,balanced lifestyle fit,Starter estimate - verify with official sources,Established suburban,Yes,Medium,Established mixed community / Suburban
SE,Dover,Low,Medium,Inglewood / International Avenue,Low,Medium,Medium,High,Higher reported crime risk,Newcomers/families,High,Medium,Medium,Low,High,Medium,Medium,Very High,Very High,Very High,Very High,Very High,High,2,1,0,"Diverse, family-oriented",Newcomers/families,"$1,510","$2,400","$500,000",5,Medium,Bus-focused,High,High,High,High,Medium,Medium,Yes,Suburban,Higher noise,82,Tier 2 - Good fit,Lower-cost / value-oriented,Crime perception,cultural access,Starter estimate - verify with official sources,Established suburban,Yes,Medium,"Diverse, family-oriented / Suburban"
SE,Eastfield,Low,Medium,Deerfoot Meadows / South Calgary,Low,Low,High,Low,Higher reported crime risk,Workers/Commercial,Low,Low,Low,Low,Low,Low,Low,Low,Low,Low,Low,Low,Medium,0,0,0,Commercial/industrial area,Workers/commuters,"$1,870","$3,260","$680,000",1,Low,Primarily car-based,Low,High,Medium-Low,Low,Medium,Low,Yes,Suburban,Less affordable; car dependent; limited transit,56,Tier 4 - Validate carefully,Premium / higher-cost,Affordability pressure,balanced lifestyle fit,Starter estimate - verify with official sources,Established suburban,Yes,Medium,Commercial/industrial area / Suburban
SE,Erin Woods,Low,Medium,Deerfoot Meadows / South Calgary,Low,Medium,Medium,Medium,Moderate reported crime risk,Mixed households,Medium,Medium,Medium,Medium,Medium,Medium,Medium,Medium,Medium,Medium,Low,Low,Medium,0,0,0,Established mixed community,Mixed residents,"$1,750","$2,920","$610,000",3,Medium,Bus-focused,Low,High,Medium,Medium,Medium,Medium,Yes,Suburban,Balanced but verify fit,78,Tier 2 - Good fit,Mid-market,Limited major risk in starter model,balanced lifestyle fit,Starter estimate - verify with official sources,Established suburban,Yes,Medium,Established mixed community / Suburban
SE,Fairview,Low,Medium,Deerfoot Meadows / South Calgary,Low,Medium,Medium,Medium,Moderate reported crime risk,Mixed households,Medium,Medium,Medium,Medium,Medium,Medium,Medium,Medium,Medium,Medium,Low,Low,Medium,0,0,0,Established mixed community,Mixed residents,"$1,750","$2,920","$610,000",3,Medium,Bus-focused,Low,High,Medium,Medium,Medium,Medium,Yes,Suburban,Balanced but verify fit,78,Tier 2 - Good fit,Mid-market,Limited major risk in starter model,balanced lifestyle fit,Starter estimate - verify with official sources,Established suburban,Yes,Medium,Established mixed community / Suburban
SE,Foothills,Low,Medium,Deerfoot Meadows / South Calgary,Low,Low,High,Low,Higher reported crime risk,Workers/Commercial,Low,Low,Low,Low,Low,Low,Low,Low,Low,Low,Low,Low,Medium,0,0,0,Commercial/industrial area,Workers/commuters,"$1,870","$3,260","$680,000",1,Low,Primarily car-based,Low,High,Medium-Low,Low,Medium,Low,Yes,Suburban,Less affordable; car dependent; limited transit,56,Tier 4 - Validate carefully,Premium / higher-cost,Affordability pressure,balanced lifestyle fit,Starter estimate - verify with official sources,Established suburban,Yes,Medium,Commercial/industrial area / Suburban
SE,Forest Lawn,Low,High,Inglewood / International Avenue,Low,Medium,Medium,High,Higher reported crime risk,Newcomers/families,High,Medium,Medium,Low,High,Medium,Medium,Very High,Very High,Very High,Very High,Very High,High,2,0,0,"Diverse, family-oriented",Newcomers/families,"$1,510","$2,400","$500,000",5,Medium,Bus-focused,High,High,High,High,Medium,Medium,Yes,Suburban,Higher noise,82,Tier 2 - Good fit,Lower-cost / value-oriented,Crime perception,cultural access,Starter estimate - verify with official sources,Established suburban,Yes,Medium,"Diverse, family-oriented / Suburban"
SE,Glenbrook,Low,High,Deerfoot Meadows / South Calgary,Low,Medium,Medium,Medium,Moderate reported crime risk,Mixed households,Medium,Medium,Medium,Medium,Medium,Medium,Medium,Medium,Medium,Medium,Low,Low,Medium,2,1,1,Established mixed community,Mixed residents,"$1,750","$2,920","$610,000",3,Medium,Bus-focused,Low,High,Medium,Medium,Medium,Medium,Yes,Suburban,Balanced but verify fit,78,Tier 2 - Good fit,Mid-market,Limited major risk in starter model,balanced lifestyle fit,Starter estimate - verify with official sources,Established suburban,Yes,Medium,Established mixed community / Suburban
SE,Great Plains,Low,Medium,Deerfoot Meadows / South Calgary,Low,Low,High,Low,Higher reported crime risk,Workers/Commercial,Low,Low,Low,Low,Low,Low,Low,Low,Low,Low,Low,Low,Medium,0,0,0,Commercial/industrial area,Workers/commuters,"$1,870","$3,260","$680,000",1,Low,Primarily car-based,Low,High,Medium-Low,Low,Medium,Low,Yes,Suburban,Less affordable; car dependent; limited transit,56,Tier 4 - Validate carefully,Premium / higher-cost,Affordability pressure,balanced lifestyle fit,Starter estimate - verify with official sources,Established suburban,Yes,Medium,Commercial/industrial area / Suburban
SE,Haysboro,Low,Medium,Deerfoot Meadows / South Calgary,Low,Medium,Medium,Medium,Moderate reported crime risk,Mixed households,Medium,Medium,Medium,Medium,Medium,Medium,Medium,Medium,Medium,Medium,Low,Low,Medium,0,1,0,Established mixed community,Mixed residents,"$1,750","$2,920","$610,000",3,Medium,Bus-focused,Low,High,Medium,Medium,Medium,Medium,Yes,Suburban,Balanced but verify fit,78,Tier 2 - Good fit,Mid-market,Limited major risk in starter model,balanced lifestyle fit,Starter estimate - verify with official sources,Established suburban,Yes,Medium,Established mixed community / Suburban
SE,Hotchkiss,Low,Medium,Deerfoot Meadows / South Calgary,Low,Medium,Medium,Medium,Moderate reported crime risk,Mixed households,Medium,Medium,Medium,Medium,Medium,Medium,Medium,Medium,Medium,Medium,Low,Low,Medium,1,1,1,Established mixed community,Mixed residents,"$1,750","$2,920","$610,000",3,Medium,Bus-focused,Low,High,Medium,Medium,Medium,Medium,Yes,Suburban,Balanced but verify fit,78,Tier 2 - Good fit,Mid-market,Limited major risk in starter model,balanced lifestyle fit,Starter estimate - verify with official sources,Established suburban,Yes,Medium,Established mixed community / Suburban
SE,Inglewood,Low,Medium,Inglewood / International Avenue,Low,Medium,Low,High,Lower reported crime risk,Young professionals,High,High,Medium,High,Medium,High,Medium,Medium,High,High,High,High,High,2,1,1,"Urban, walkable, social",Young professionals,"$1,630","$2,710","$565,000",5,Medium-High,Bus-focused,Medium,Medium,High,High,High,Medium,Yes,Balanced,Balanced but verify fit,93,Tier 1 - Strong fit,Lower-cost / value-oriented,Limited major risk in starter model,"walkability, cultural access, family fit",Starter estimate - verify with official sources,Inner-city / walkable,Yes,Medium-High,"Urban, walkable, social / Balanced"
SE,Legacy,Low,Medium,Seton / South Health Campus,Medium,Medium,Low,Medium,Higher reported crime risk,Families,Medium,Medium,High,Low,High,Medium,High,Medium,Medium,Medium,Low,Low,Medium,2,0,1,"Suburban, family-focused",Families,"$1,750","$2,920","$610,000",3,Medium,CTrain & Bus,High,High,Medium,High,High,High,Yes,Suburban,Higher noise,81,Tier 2 - Good fit,Mid-market,Crime perception,"transit, green space, student access",Starter estimate - verify with official sources,New suburban / master-planned,Yes,Low-Medium,"Suburban, family-focused / Suburban"
SE,Mahogany,Low,High,Seton / South Health Campus,Medium,Medium,Low,Medium,Higher reported crime risk,Affluent families/professionals,Low,Medium,High,Low,High,Medium,High,Medium,Medium,Medium,Low,Low,Medium,2,0,0,"Upscale, quiet, residential",Families/professionals,"$1,990","$3,450","$720,000",1,Medium,CTrain & Bus,High,High,Medium,High,High,High,Yes,Suburban,Less affordable; higher noise,78,Tier 2 - Good fit,Premium / higher-cost,Affordability pressure,"transit, green space, student access",Starter estimate - verify with official sources,New suburban / master-planned,Yes,Low-Medium,"Upscale, quiet, residential / Suburban"
SE,Manchester Industrial,Low,Medium,Deerfoot Meadows / South Calgary,Low,Low,High,Low,Higher reported crime risk,Workers/Commercial,Low,Low,Low,Low,Low,Low,Low,Low,Low,Low,Low,Low,Medium,0,0,0,Commercial/industrial area,Workers/commuters,"$1,870","$3,260","$680,000",1,Low,Primarily car-based,Low,High,Medium-Low,Low,Medium,Low,Yes,Suburban,Less affordable; car dependent; limited transit,56,Tier 4 - Validate carefully,Premium / higher-cost,Affordability pressure,balanced lifestyle fit,Starter estimate - verify with official sources,Established suburban,Yes,Medium,Commercial/industrial area / Suburban
SE,Maple Ridge,Low,Medium,Deerfoot Meadows / South Calgary,Low,Medium,Medium,Medium,Moderate reported crime risk,Mixed households,Medium,Medium,Medium,Medium,Medium,Medium,Medium,Medium,Medium,Medium,Low,Low,Medium,2,0,1,Established mixed community,Mixed residents,"$1,750","$2,920","$610,000",3,Medium,Bus-focused,Low,High,Medium,Medium,Medium,Medium,Yes,Suburban,Balanced but verify fit,78,Tier 2 - Good fit,Mid-market,Limited major risk in starter model,balanced lifestyle fit,Starter estimate - verify with official sources,Established suburban,Yes,Medium,Established mixed community / Suburban
SE,Mayfair,Low,Medium,Deerfoot Meadows / South Calgary,Low,Medium,Medium,Medium,Moderate reported crime risk,Mixed households,Medium,Medium,Medium,Medium,Medium,Medium,Medium,Medium,Medium,Medium,Low,Low,Medium,2,0,1,Established mixed community,Mixed residents,"$1,750","$2,920","$610,000",3,Medium,Bus-focused,Low,High,Medium,Medium,Medium,Medium,Yes,Suburban,Balanced but verify fit,78,Tier 2 - Good fit,Mid-market,Limited major risk in starter model,balanced lifestyle fit,Starter estimate - verify with official sources,Established suburban,Yes,Medium,Established mixed community / Suburban
SE,McKenzie Lake,Low,Medium,Deerfoot Meadows / South Calgary,Medium,Medium,Low,Medium,Higher reported crime risk,Families,Medium,Medium,High,Low,High,Medium,High,Medium,Medium,Medium,Low,Low,Medium,1,2,0,"Suburban, family-focused",Families,"$1,750","$2,920","$610,000",3,Medium,CTrain & Bus,High,High,Medium,High,High,High,Yes,Suburban,Higher noise,81,Tier 2 - Good fit,Mid-market,Crime perception,"transit, green space, student access",Starter estimate - verify with official sources,Established suburban,Yes,Medium,"Suburban, family-focused / Suburban"
SE,McKenzie Towne,Low,Medium,Deerfoot Meadows / South Calgary,Medium,Medium,Low,Medium,Higher reported crime risk,Families,Medium,Medium,High,Low,High,Medium,High,Medium,Medium,Medium,Low,Low,Medium,1,1,1,"Suburban, family-focused",Families,"$1,750","$2,920","$610,000",3,Medium,CTrain & Bus,High,High,Medium,High,High,High,Yes,Suburban,Higher noise,81,Tier 2 - Good fit,Mid-market,Crime perception,"transit, green space, student access",Starter estimate - verify with official sources,Established suburban,Yes,Medium,"Suburban, family-focused / Suburban"
SE,Meadowlark Park,Low,Medium,Deerfoot Meadows / South Calgary,Low,Medium,Medium,Medium,Moderate reported crime risk,Mixed households,Medium,Medium,Medium,Medium,Medium,Medium,Medium,Medium,Medium,Medium,Low,Low,Medium,0,0,1,Established mixed community,Mixed residents,"$1,750","$2,920","$610,000",3,Medium,Bus-focused,Low,High,Medium,Medium,Medium,Medium,Yes,Suburban,Balanced but verify fit,78,Tier 2 - Good fit,Mid-market,Limited major risk in starter model,balanced lifestyle fit,Starter estimate - verify with official sources,Established suburban,Yes,Medium,Established mixed community / Suburban
SE,New Brighton,Low,Medium,Deerfoot Meadows / South Calgary,Medium,Medium,Low,Medium,Higher reported crime risk,Families,Medium,Medium,High,Low,High,Medium,High,Medium,Medium,Medium,Low,Low,Medium,3,2,1,"Suburban, family-focused",Families,"$1,750","$2,920","$610,000",3,Medium,CTrain & Bus,High,High,Medium,High,High,High,Yes,Suburban,Higher noise,81,Tier 2 - Good fit,Mid-market,Crime perception,"transit, green space, student access",Starter estimate - verify with official sources,Established suburban,Yes,Medium,"Suburban, family-focused / Suburban"
SE,Ogden,Low,Medium,Inglewood / International Avenue,Low,Medium,Medium,Medium,Moderate reported crime risk,Mixed households,Medium,Medium,Medium,Medium,Medium,Medium,Medium,Medium,Medium,Medium,Low,Low,Medium,2,0,1,Established mixed community,Mixed residents,"$1,750","$2,920","$610,000",3,Medium,Bus-focused,Low,High,Medium,Medium,Medium,Medium,Yes,Suburban,Balanced but verify fit,78,Tier 2 - Good fit,Mid-market,Limited major risk in starter model,balanced lifestyle fit,Starter estimate - verify with official sources,Established suburban,Yes,Medium,Established mixed community / Suburban
SE,Parkland,Low,Medium,Deerfoot Meadows / South Calgary,Low,Medium,Medium,Medium,Moderate reported crime risk,Mixed households,Medium,Medium,Medium,Medium,Medium,Medium,Medium,Medium,Medium,Medium,Low,Low,Medium,0,1,1,Established mixed community,Mixed residents,"$1,750","$2,920","$610,000",3,Medium,Bus-focused,Low,High,Medium,Medium,Medium,Medium,Yes,Suburban,Balanced but verify fit,78,Tier 2 - Good fit,Mid-market,Limited major risk in starter model,balanced lifestyle fit,Starter estimate - verify with official sources,Established suburban,Yes,Medium,Established mixed community / Suburban
SE,Penbrooke Meadows,Low,Medium,Deerfoot Meadows / South Calgary,Low,Medium,Medium,High,Higher reported crime risk,Newcomers/families,High,Medium,Medium,Low,High,Medium,Medium,Very High,Very High,Very High,Very High,Very High,High,3,1,1,"Diverse, family-oriented",Newcomers/families,"$1,510","$2,400","$500,000",5,Medium,Bus-focused,High,High,High,High,Medium,Medium,Yes,Suburban,Higher noise,82,Tier 2 - Good fit,Lower-cost / value-oriented,Crime perception,cultural access,Starter estimate - verify with official sources,Established suburban,Yes,Medium,"Diverse, family-oriented / Suburban"
SE,Prestwick,Low,Medium,Deerfoot Meadows / South Calgary,Low,Medium,Medium,Medium,Moderate reported crime risk,Mixed households,Medium,Medium,Medium,Medium,Medium,Medium,Medium,Medium,Medium,Medium,Low,Low,Medium,2,1,1,Established mixed community,Mixed residents,"$1,750","$2,920","$610,000",3,Medium,Bus-focused,Low,High,Medium,Medium,Medium,Medium,Yes,Suburban,Balanced but verify fit,78,Tier 2 - Good fit,Mid-market,Limited major risk in starter model,balanced lifestyle fit,Starter estimate - verify with official sources,Established suburban,Yes,Medium,Established mixed community / Suburban
SE,Quarry Park,Low,Medium,Deerfoot Meadows / South Calgary,Low,Medium,Medium,Medium,Moderate reported crime risk,Mixed households,Medium,Medium,Medium,Medium,Medium,Medium,Medium,Medium,Medium,Medium,Low,Low,Medium,0,0,0,Established mixed community,Mixed residents,"$1,750","$2,920","$610,000",3,Medium,Bus-focused,Low,High,Medium,Medium,Medium,Medium,Yes,Suburban,Balanced but verify fit,78,Tier 2 - Good fit,Mid-market,Limited major risk in starter model,balanced lifestyle fit,Starter estimate - verify with official sources,Established suburban,Yes,Medium,Established mixed community / Suburban
SE,Ramsay,Low,Medium,Inglewood / International Avenue,Low,Medium,Medium,Medium,Moderate reported crime risk,Mixed households,Medium,Medium,Medium,Medium,Medium,Medium,Medium,Medium,Medium,Medium,Low,Low,Medium,0,0,0,Established mixed community,Mixed residents,"$1,750","$2,920","$610,000",3,Medium,Bus-focused,Low,High,Medium,Medium,Medium,Medium,Yes,Suburban,Balanced but verify fit,78,Tier 2 - Good fit,Mid-market,Limited major risk in starter model,balanced lifestyle fit,Starter estimate - verify with official sources,Established suburban,Yes,Medium,Established mixed community / Suburban
SE,Rangeview,Low,Medium,Deerfoot Meadows / South Calgary,Low,Medium,Medium,Medium,Moderate reported crime risk,Mixed households,Medium,Medium,Medium,Medium,Medium,Medium,Medium,Medium,Medium,Medium,Low,Low,Medium,1,0,0,Established mixed community,Mixed residents,"$1,750","$2,920","$610,000",3,Medium,Bus-focused,Low,High,Medium,Medium,Medium,Medium,Yes,Suburban,Balanced but verify fit,78,Tier 2 - Good fit,Mid-market,Limited major risk in starter model,balanced lifestyle fit,Starter estimate - verify with official sources,Established suburban,Yes,Medium,Established mixed community / Suburban
SE,Rideau Park,Low,Medium,Deerfoot Meadows / South Calgary,Low,Medium,Medium,Medium,Moderate reported crime risk,Mixed households,Medium,Medium,Medium,Medium,Medium,Medium,Medium,Medium,Medium,Medium,Low,Low,Medium,2,1,0,Established mixed community,Mixed residents,"$1,750","$2,920","$610,000",3,Medium,Bus-focused,Low,High,Medium,Medium,Medium,Medium,Yes,Suburban,Balanced but verify fit,78,Tier 2 - Good fit,Mid-market,Limited major risk in starter model,balanced lifestyle fit,Starter estimate - verify with official sources,Established suburban,Yes,Medium,Established mixed community / Suburban
SE,Riverbend,Low,Medium,Deerfoot Meadows / South Calgary,Low,Medium,Medium,Medium,Moderate reported crime risk,Mixed households,Medium,Medium,Medium,Medium,Medium,Medium,Medium,Medium,Medium,Medium,Low,Low,Medium,2,1,0,Established mixed community,Mixed residents,"$1,750","$2,920","$610,000",3,Medium,Bus-focused,Low,High,Medium,Medium,Medium,Medium,Yes,Suburban,Balanced but verify fit,78,Tier 2 - Good fit,Mid-market,Limited major risk in starter model,balanced lifestyle fit,Starter estimate - verify with official sources,Established suburban,Yes,Medium,Established mixed community / Suburban
SE,Roxboro,Low,Medium,Deerfoot Meadows / South Calgary,Low,Medium,Medium,Medium,Moderate reported crime risk,Mixed households,Medium,Medium,Medium,Medium,Medium,Medium,Medium,Medium,Medium,Medium,Low,Low,Medium,2,1,1,Established mixed community,Mixed residents,"$1,750","$2,920","$610,000",3,Medium,Bus-focused,Low,High,Medium,Medium,Medium,Medium,Yes,Suburban,Balanced but verify fit,78,Tier 2 - Good fit,Mid-market,Limited major risk in starter model,balanced lifestyle fit,Starter estimate - verify with official sources,Established suburban,Yes,Medium,Established mixed community / Suburban
SE,Seton,Low,High,Seton / South Health Campus,Medium,Medium,Low,Medium,Higher reported crime risk,Families,Medium,Medium,High,Low,High,Medium,High,Medium,Medium,Medium,Low,Low,Medium,2,0,1,"Suburban, family-focused",Families,"$1,750","$2,920","$610,000",3,Medium,CTrain & Bus,High,High,Medium,High,High,High,Yes,Suburban,Higher noise,81,Tier 2 - Good fit,Mid-market,Crime perception,"transit, green space, student access",Starter estimate - verify with official sources,New suburban / master-planned,Yes,Low-Medium,"Suburban, family-focused / Suburban"
SE,Shepard Industrial,Low,Medium,Deerfoot Meadows / South Calgary,Low,Low,High,Low,Higher reported crime risk,Workers/Commercial,Low,Low,Low,Low,Low,Low,Low,Low,Low,Low,Low,Low,Medium,0,0,0,Commercial/industrial area,Workers/commuters,"$1,870","$3,260","$680,000",1,Low,Primarily car-based,Low,High,Medium-Low,Low,Medium,Low,Yes,Suburban,Less affordable; car dependent; limited transit,56,Tier 4 - Validate carefully,Premium / higher-cost,Affordability pressure,balanced lifestyle fit,Starter estimate - verify with official sources,Established suburban,Yes,Medium,Commercial/industrial area / Suburban
SE,Southview,Low,Medium,Deerfoot Meadows / South Calgary,Low,Medium,Medium,Medium,Moderate reported crime risk,Mixed households,Medium,Medium,Medium,Medium,Medium,Medium,Medium,Medium,Medium,Medium,Low,Low,Medium,0,0,1,Established mixed community,Mixed residents,"$1,750","$2,920","$610,000",3,Medium,Bus-focused,Low,High,Medium,Medium,Medium,Medium,Yes,Suburban,Balanced but verify fit,78,Tier 2 - Good fit,Mid-market,Limited major risk in starter model,balanced lifestyle fit,Starter estimate - verify with official sources,Established suburban,Yes,Medium,Established mixed community / Suburban
SE,Starfield,Low,Medium,Deerfoot Meadows / South Calgary,Low,Low,High,Low,Higher reported crime risk,Workers/Commercial,Low,Low,Low,Low,Low,Low,Low,Low,Low,Low,Low,Low,Medium,0,0,0,Commercial/industrial area,Workers/commuters,"$1,870","$3,260","$680,000",1,Low,Primarily car-based,Low,High,Medium-Low,Low,Medium,Low,Yes,Suburban,Less affordable; car dependent; limited transit,56,Tier 4 - Validate carefully,Premium / higher-cost,Affordability pressure,balanced lifestyle fit,Starter estimate - verify with official sources,Established suburban,Yes,Medium,Commercial/industrial area / Suburban
SE,Sundance,Low,Medium,Deerfoot Meadows / South Calgary,Medium,Medium,Low,Medium,Higher reported crime risk,Families,Medium,Medium,High,Low,High,Medium,High,Medium,Medium,Medium,Low,Low,Medium,2,2,1,"Suburban, family-focused",Families,"$1,750","$2,920","$610,000",3,Medium,CTrain & Bus,High,High,Medium,High,High,High,Yes,Suburban,Higher noise,81,Tier 2 - Good fit,Mid-market,Crime perception,"transit, green space, student access",Starter estimate - verify with official sources,Established suburban,Yes,Medium,"Suburban, family-focused / Suburban"
SE,Walden,Low,Medium,Seton / South Health Campus,Medium,Medium,Low,Medium,Higher reported crime risk,Families,Medium,Medium,High,Low,High,Medium,High,Medium,Medium,Medium,Low,Low,Medium,1,1,0,"Suburban, family-focused",Families,"$1,750","$2,920","$610,000",3,Medium,CTrain & Bus,High,High,Medium,High,High,High,Yes,Suburban,Higher noise,81,Tier 2 - Good fit,Mid-market,Crime perception,"transit, green space, student access",Starter estimate - verify with official sources,New suburban / master-planned,Yes,Low-Medium,"Suburban, family-focused / Suburban"
SE,Willow Park,Low,Medium,Deerfoot Meadows / South Calgary,Low,Medium,Medium,Medium,Moderate reported crime risk,Mixed households,Medium,Medium,Medium,Medium,Medium,Medium,Medium,Medium,Medium,Medium,Low,Low,Medium,2,1,0,Established mixed community,Mixed residents,"$1,750","$2,920","$610,000",3,Medium,Bus-focused,Low,High,Medium,Medium,Medium,Medium,Yes,Suburban,Balanced but verify fit,78,Tier 2 - Good fit,Mid-market,Limited major risk in starter model,balanced lifestyle fit,Starter estimate - verify with official sources,Established suburban,Yes,Medium,Established mixed community / Suburban
SE,Woodbine,Low,Medium,Deerfoot Meadows / South Calgary,Medium,Medium,Low,Medium,Higher reported crime risk,Families,Medium,Medium,High,Low,High,Medium,High,Medium,Medium,Medium,Low,Low,Medium,3,1,0,"Suburban, family-focused",Families,"$1,750","$2,920","$610,000",3,Medium,CTrain & Bus,High,High,Medium,High,High,High,Yes,Suburban,Higher noise,81,Tier 2 - Good fit,Mid-market,Crime perception,"transit, green space, student access",Starter estimate - verify with official sources,Established suburban,Yes,Medium,"Suburban, family-focused / Suburban"
SE,Woodlands,Low,Medium,Deerfoot Meadows / South Calgary,Medium,Medium,Low,Medium,Higher reported crime risk,Families,Medium,Medium,High,Low,High,Medium,High,Medium,Medium,Medium,Low,Low,Medium,3,2,0,"Suburban, family-focused",Families,"$1,750","$2,920","$610,000",3,Medium,CTrain & Bus,High,High,Medium,High,High,High,Yes,Suburban,Higher noise,81,Tier 2 - Good fit,Mid-market,Crime perception,"transit, green space, student access",Starter estimate - verify with official sources,Established suburban,Yes,Medium,"Suburban, family-focused / Suburban"
SW,Altadore,Low,Medium,Marda Loop / 17 Ave / Mission,High,High,Low,Medium,Higher reported crime risk,Affluent families/professionals,Low,Medium,High,Low,High,Medium,High,Medium,Medium,Medium,Low,Low,Medium,1,2,0,"Upscale, quiet, residential",Families/professionals,"$2,190","$3,930","$820,000",1,Medium,CTrain & Bus,High,High,Medium,High,High,High,Yes,Suburban,Less affordable; higher noise,78,Tier 2 - Good fit,Premium / higher-cost,Affordability pressure,"transit, green space, student access, downtown access",Starter estimate - verify with official sources,Established suburban,Yes,Medium,"Upscale, quiet, residential / Suburban"
SW,Aspen Woods,Low,Medium,Westhills / Aspen Landing,Medium,High,Low,Medium,Higher reported crime risk,Affluent families/professionals,Low,Medium,High,Low,High,Medium,High,Medium,Medium,Medium,Low,Low,Medium,1,2,0,"Upscale, quiet, residential",Families/professionals,"$2,190","$3,930","$820,000",1,Medium,CTrain & Bus,High,High,Medium,High,High,High,Yes,Suburban,Less affordable; higher noise,78,Tier 2 - Good fit,Premium / higher-cost,Affordability pressure,"transit, green space, student access, downtown access",Starter estimate - verify with official sources,Established suburban,Yes,Medium,"Upscale, quiet, residential / Suburban"
SW,Bankview,Low,Medium,Marda Loop / 17 Ave / Mission,Low,High,Low,High,Lower reported crime risk,Young professionals,High,High,Medium,High,Medium,High,Medium,Medium,High,High,High,High,High,2,0,1,"Urban, walkable, social",Young professionals,"$1,830","$3,190","$665,000",5,Medium-High,Bus-focused,Medium,Medium,High,High,High,Low,Yes,Balanced,Balanced but verify fit,93,Tier 1 - Strong fit,Lower-cost / value-oriented,Limited major risk in starter model,"walkability, cultural access, family fit, downtown access",Starter estimate - verify with official sources,Inner-city / walkable,Yes,Medium-High,"Urban, walkable, social / Balanced"
SW,Bayview,Low,Medium,Mount Royal / West Calgary,Medium,High,Low,Medium,Higher reported crime risk,Affluent families/professionals,Low,Medium,High,Low,High,Medium,High,Medium,Medium,Medium,Low,Low,Medium,3,0,0,"Upscale, quiet, residential",Families/professionals,"$2,190","$3,930","$820,000",1,Medium,CTrain & Bus,High,High,Medium,High,High,High,Yes,Suburban,Less affordable; higher noise,78,Tier 2 - Good fit,Premium / higher-cost,Affordability pressure,"transit, green space, student access, downtown access",Starter estimate - verify with official sources,Established suburban,Yes,Medium,"Upscale, quiet, residential / Suburban"
SW,Bel-Aire,Low,Medium,Mount Royal / West Calgary,Medium,High,Low,Medium,Higher reported crime risk,Affluent families/professionals,Low,Medium,High,Low,High,Medium,High,Medium,Medium,Medium,Low,Low,Medium,1,0,0,"Upscale, quiet, residential",Families/professionals,"$2,190","$3,930","$820,000",1,Medium,CTrain & Bus,High,High,Medium,High,High,High,Yes,Suburban,Less affordable; higher noise,78,Tier 2 - Good fit,Premium / higher-cost,Affordability pressure,"transit, green space, student access, downtown access",Starter estimate - verify with official sources,Established suburban,Yes,Medium,"Upscale, quiet, residential / Suburban"
SW,Braeside,Low,Medium,Mount Royal / West Calgary,Medium,High,Low,Medium,Higher reported crime risk,Families,Medium,Medium,High,Low,High,Medium,High,Medium,Medium,Medium,Low,Low,Medium,2,2,1,"Suburban, family-focused",Families,"$1,950","$3,400","$710,000",3,Medium,CTrain & Bus,High,High,Medium,High,High,High,Yes,Suburban,Higher noise,81,Tier 2 - Good fit,Mid-market,Crime perception,"transit, green space, student access, downtown access",Starter estimate - verify with official sources,Established suburban,Yes,Medium,"Suburban, family-focused / Suburban"
SW,Britannia,Low,Medium,Mount Royal / West Calgary,Medium,High,Low,Medium,Higher reported crime risk,Affluent families/professionals,Low,Medium,High,Low,High,Medium,High,Medium,Medium,Medium,Low,Low,Medium,2,1,1,"Upscale, quiet, residential",Families/professionals,"$2,190","$3,930","$820,000",1,Medium,CTrain & Bus,High,High,Medium,High,High,High,Yes,Suburban,Less affordable; higher noise,78,Tier 2 - Good fit,Premium / higher-cost,Affordability pressure,"transit, green space, student access, downtown access",Starter estimate - verify with official sources,Established suburban,Yes,Medium,"Upscale, quiet, residential / Suburban"
SW,Canyon Meadows,Low,Medium,Mount Royal / West Calgary,Low,Medium,Medium,Medium,Moderate reported crime risk,Mixed households,Medium,Medium,Medium,Medium,Medium,Medium,Medium,Medium,Medium,Medium,Low,Low,Medium,1,1,0,Established mixed community,Mixed residents,"$1,950","$3,400","$710,000",3,Medium,Bus-focused,Low,High,Medium,Medium,Medium,Low,Yes,Suburban,Balanced but verify fit,78,Tier 2 - Good fit,Mid-market,Limited major risk in starter model,balanced lifestyle fit,Starter estimate - verify with official sources,Established suburban,Yes,Medium,Established mixed community / Suburban
SW,Cedarbrae,Low,Medium,Mount Royal / West Calgary,Medium,High,Low,Medium,Higher reported crime risk,Families,Medium,Medium,High,Low,High,Medium,High,Medium,Medium,Medium,Low,Low,Medium,2,2,0,"Suburban, family-focused",Families,"$1,950","$3,400","$710,000",3,Medium,CTrain & Bus,High,High,Medium,High,High,High,Yes,Suburban,Higher noise,81,Tier 2 - Good fit,Mid-market,Crime perception,"transit, green space, student access, downtown access",Starter estimate - verify with official sources,Established suburban,Yes,Medium,"Suburban, family-focused / Suburban"
SW,Christie Park,Low,Medium,Mount Royal / West Calgary,Low,Medium,Medium,Medium,Moderate reported crime risk,Mixed households,Medium,Medium,Medium,Medium,Medium,Medium,Medium,Medium,Medium,Medium,Low,Low,Medium,1,0,1,Established mixed community,Mixed residents,"$1,950","$3,400","$710,000",3,Medium,Bus-focused,Low,High,Medium,Medium,Medium,Low,Yes,Suburban,Balanced but verify fit,78,Tier 2 - Good fit,Mid-market,Limited major risk in starter model,balanced lifestyle fit,Starter estimate - verify with official sources,Established suburban,Yes,Medium,Established mixed community / Suburban
SW,Coach Hill,Low,Medium,Mount Royal / West Calgary,Low,Medium,Medium,Medium,Moderate reported crime risk,Mixed households,Medium,Medium,Medium,Medium,Medium,Medium,Medium,Medium,Medium,Medium,Low,Low,Medium,2,1,0,Established mixed community,Mixed residents,"$1,950","$3,400","$710,000",3,Medium,Bus-focused,Low,High,Medium,Medium,Medium,Low,Yes,Suburban,Balanced but verify fit,78,Tier 2 - Good fit,Mid-market,Limited major risk in starter model,balanced lifestyle fit,Starter estimate - verify with official sources,Established suburban,Yes,Medium,Established mixed community / Suburban
SW,Cougar Ridge,Low,Medium,Westhills / Aspen Landing,Low,Medium,Medium,Medium,Moderate reported crime risk,Mixed households,Medium,Medium,Medium,Medium,Medium,Medium,Medium,Medium,Medium,Medium,Low,Low,Medium,2,1,0,Established mixed community,Mixed residents,"$1,950","$3,400","$710,000",3,Medium,Bus-focused,Low,High,Medium,Medium,Medium,Low,Yes,Suburban,Balanced but verify fit,78,Tier 2 - Good fit,Mid-market,Limited major risk in starter model,balanced lifestyle fit,Starter estimate - verify with official sources,Established suburban,Yes,Medium,Established mixed community / Suburban
SW,Discovery Ridge,Low,Medium,Mount Royal / West Calgary,Medium,High,Low,Medium,Higher reported crime risk,Affluent families/professionals,Low,Medium,High,Low,High,Medium,High,Medium,Medium,Medium,Low,Low,Medium,1,0,1,"Upscale, quiet, residential",Families/professionals,"$2,190","$3,930","$820,000",1,Medium,CTrain & Bus,High,High,Medium,High,High,High,Yes,Suburban,Less affordable; higher noise,78,Tier 2 - Good fit,Premium / higher-cost,Affordability pressure,"transit, green space, student access, downtown access",Starter estimate - verify with official sources,Established suburban,Yes,Medium,"Upscale, quiet, residential / Suburban"
SW,Elbow Park,Low,Medium,Mount Royal / West Calgary,Medium,High,Low,Medium,Higher reported crime risk,Affluent families/professionals,Low,Medium,High,Low,High,Medium,High,Medium,Medium,Medium,Low,Low,Medium,3,1,1,"Upscale, quiet, residential",Families/professionals,"$2,190","$3,930","$820,000",1,Medium,CTrain & Bus,High,High,Medium,High,High,High,Yes,Suburban,Less affordable; higher noise,78,Tier 2 - Good fit,Premium / higher-cost,Affordability pressure,"transit, green space, student access, downtown access",Starter estimate - verify with official sources,Established suburban,Yes,Medium,"Upscale, quiet, residential / Suburban"
SW,Elboya,Low,Medium,Mount Royal / West Calgary,Low,Medium,Medium,Medium,Moderate reported crime risk,Mixed households,Medium,Medium,Medium,Medium,Medium,Medium,Medium,Medium,Medium,Medium,Low,Low,Medium,2,0,0,Established mixed community,Mixed residents,"$1,950","$3,400","$710,000",3,Medium,Bus-focused,Low,High,Medium,Medium,Medium,Low,Yes,Suburban,Balanced but verify fit,78,Tier 2 - Good fit,Mid-market,Limited major risk in starter model,balanced lifestyle fit,Starter estimate - verify with official sources,Established suburban,Yes,Medium,Established mixed community / Suburban
SW,Evergreen,Low,Medium,Mount Royal / West Calgary,Medium,High,Low,Medium,Higher reported crime risk,Families,Medium,Medium,High,Low,High,Medium,High,Medium,Medium,Medium,Low,Low,Medium,2,0,0,"Suburban, family-focused",Families,"$1,950","$3,400","$710,000",3,Medium,CTrain & Bus,High,High,Medium,High,High,High,Yes,Suburban,Higher noise,81,Tier 2 - Good fit,Mid-market,Crime perception,"transit, green space, student access, downtown access",Starter estimate - verify with official sources,Established suburban,Yes,Medium,"Suburban, family-focused / Suburban"
SW,Garrison Green,Low,Medium,Marda Loop / 17 Ave / Mission,High,Medium,Medium,Medium,Moderate reported crime risk,Mixed households,Medium,Medium,Medium,Medium,Medium,Medium,Medium,Medium,Medium,Medium,Low,Low,Medium,2,1,0,Established mixed community,Mixed residents,"$1,950","$3,400","$710,000",3,Medium,Bus-focused,Low,High,Medium,Medium,Medium,High,Yes,Suburban,Balanced but verify fit,80,Tier 2 - Good fit,Mid-market,Limited major risk in starter model,student access,Starter estimate - verify with official sources,Established suburban,Yes,Medium,Established mixed community / Suburban
SW,Garrison Woods,Low,Medium,Marda Loop / 17 Ave / Mission,High,High,Low,Medium,Higher reported crime risk,Affluent families/professionals,Low,Medium,High,Low,High,Medium,High,Medium,Medium,Medium,Low,Low,Medium,3,2,1,"Upscale, quiet, residential",Families/professionals,"$2,190","$3,930","$820,000",1,Medium,CTrain & Bus,High,High,Medium,High,High,High,Yes,Suburban,Less affordable; higher noise,78,Tier 2 - Good fit,Premium / higher-cost,Affordability pressure,"transit, green space, student access, downtown access",Starter estimate - verify with official sources,Established suburban,Yes,Medium,"Upscale, quiet, residential / Suburban"
SW,Glamorgan,Low,Medium,Mount Royal / West Calgary,High,Medium,Medium,Medium,Moderate reported crime risk,Mixed households,Medium,Medium,Medium,Medium,Medium,Medium,Medium,Medium,Medium,Medium,Low,Low,Medium,2,1,1,Established mixed community,Mixed residents,"$1,950","$3,400","$710,000",3,Medium,Bus-focused,Low,High,Medium,Medium,Medium,High,Yes,Suburban,Balanced but verify fit,80,Tier 2 - Good fit,Mid-market,Limited major risk in starter model,student access,Starter estimate - verify with official sources,Established suburban,Yes,Medium,Established mixed community / Suburban
SW,Glenbrook,Low,High,Mount Royal / West Calgary,Low,Medium,Medium,Medium,Moderate reported crime risk,Mixed households,Medium,Medium,Medium,Medium,Medium,Medium,Medium,Medium,Medium,Medium,Low,Low,Medium,0,1,0,Established mixed community,Mixed residents,"$1,950","$3,400","$710,000",3,Medium,Bus-focused,Low,High,Medium,Medium,Medium,Low,Yes,Suburban,Balanced but verify fit,78,Tier 2 - Good fit,Mid-market,Limited major risk in starter model,balanced lifestyle fit,Starter estimate - verify with official sources,Established suburban,Yes,Medium,Established mixed community / Suburban
SW,Glendale,Low,Medium,Mount Royal / West Calgary,Low,Medium,Medium,Medium,Moderate reported crime risk,Mixed households,Medium,Medium,Medium,Medium,Medium,Medium,Medium,Medium,Medium,Medium,Low,Low,Medium,1,1,1,Established mixed community,Mixed residents,"$1,950","$3,400","$710,000",3,Medium,Bus-focused,Low,High,Medium,Medium,Medium,Low,Yes,Suburban,Balanced but verify fit,78,Tier 2 - Good fit,Mid-market,Limited major risk in starter model,balanced lifestyle fit,Starter estimate - verify with official sources,Established suburban,Yes,Medium,Established mixed community / Suburban
SW,Haysboro,Low,Medium,Mount Royal / West Calgary,Low,Medium,Medium,Medium,Moderate reported crime risk,Mixed households,Medium,Medium,Medium,Medium,Medium,Medium,Medium,Medium,Medium,Medium,Low,Low,Medium,0,0,1,Established mixed community,Mixed residents,"$1,950","$3,400","$710,000",3,Medium,Bus-focused,Low,High,Medium,Medium,Medium,Low,Yes,Suburban,Balanced but verify fit,78,Tier 2 - Good fit,Mid-market,Limited major risk in starter model,balanced lifestyle fit,Starter estimate - verify with official sources,Established suburban,Yes,Medium,Established mixed community / Suburban
SW,Kelvin Grove,Low,Medium,Mount Royal / West Calgary,Low,Medium,Medium,Medium,Moderate reported crime risk,Mixed households,Medium,Medium,Medium,Medium,Medium,Medium,Medium,Medium,Medium,Medium,Low,Low,Medium,0,1,1,Established mixed community,Mixed residents,"$1,950","$3,400","$710,000",3,Medium,Bus-focused,Low,High,Medium,Medium,Medium,Low,Yes,Suburban,Balanced but verify fit,78,Tier 2 - Good fit,Mid-market,Limited major risk in starter model,balanced lifestyle fit,Starter estimate - verify with official sources,Established suburban,Yes,Medium,Established mixed community / Suburban
SW,Kingsland,Low,Medium,Mount Royal / West Calgary,Low,Medium,Medium,Medium,Moderate reported crime risk,Mixed households,Medium,Medium,Medium,Medium,Medium,Medium,Medium,Medium,Medium,Medium,Low,Low,Medium,0,1,1,Established mixed community,Mixed residents,"$1,950","$3,400","$710,000",3,Medium,Bus-focused,Low,High,Medium,Medium,Medium,Low,Yes,Suburban,Balanced but verify fit,78,Tier 2 - Good fit,Mid-market,Limited major risk in starter model,balanced lifestyle fit,Starter estimate - verify with official sources,Established suburban,Yes,Medium,Established mixed community / Suburban
SW,Lakeview,Low,High,Mount Royal / West Calgary,Medium,High,Low,Medium,Higher reported crime risk,Families,Medium,Medium,High,Low,High,Medium,High,Medium,Medium,Medium,Low,Low,Medium,3,2,0,"Suburban, family-focused",Families,"$1,950","$3,400","$710,000",3,Medium,CTrain & Bus,High,High,Medium,High,High,High,Yes,Suburban,Higher noise,81,Tier 2 - Good fit,Mid-market,Crime perception,"transit, green space, student access, downtown access",Starter estimate - verify with official sources,Established suburban,Yes,Medium,"Suburban, family-focused / Suburban"
SW,Lincoln Park,Low,Medium,Mount Royal / West Calgary,High,Medium,Medium,Medium,Moderate reported crime risk,Mixed households,Medium,Medium,Medium,Medium,Medium,Medium,Medium,Medium,Medium,Medium,Low,Low,Medium,1,0,1,Established mixed community,Mixed residents,"$1,950","$3,400","$710,000",3,Medium,Bus-focused,Low,High,Medium,Medium,Medium,High,Yes,Suburban,Balanced but verify fit,80,Tier 2 - Good fit,Mid-market,Limited major risk in starter model,student access,Starter estimate - verify with official sources,Established suburban,Yes,Medium,Established mixed community / Suburban
SW,Lower Mount Royal,Low,Medium,Mount Royal / West Calgary,Low,High,Low,High,Lower reported crime risk,Young professionals,High,High,Medium,High,Medium,High,Medium,Medium,High,High,High,High,High,2,0,1,"Urban, walkable, social",Young professionals,"$1,830","$3,190","$665,000",5,Medium-High,Bus-focused,Medium,Medium,High,High,High,Low,Yes,Balanced,Balanced but verify fit,93,Tier 1 - Strong fit,Lower-cost / value-oriented,Limited major risk in starter model,"walkability, cultural access, family fit, downtown access",Starter estimate - verify with official sources,Inner-city / walkable,Yes,Medium-High,"Urban, walkable, social / Balanced"
SW,Marda Loop,Low,Medium,Marda Loop / 17 Ave / Mission,Low,Medium,Medium,Medium,Moderate reported crime risk,Mixed households,Medium,Medium,Medium,Medium,Medium,Medium,Medium,Medium,Medium,Medium,Low,Low,Medium,2,0,1,Established mixed community,Mixed residents,"$1,950","$3,400","$710,000",3,Medium,Bus-focused,Low,High,Medium,Medium,Medium,Low,Yes,Suburban,Balanced but verify fit,78,Tier 2 - Good fit,Mid-market,Limited major risk in starter model,balanced lifestyle fit,Starter estimate - verify with official sources,Established suburban,Yes,Medium,Established mixed community / Suburban
SW,Mayfair,Low,Medium,Mount Royal / West Calgary,Low,Medium,Medium,Medium,Moderate reported crime risk,Mixed households,Medium,Medium,Medium,Medium,Medium,Medium,Medium,Medium,Medium,Medium,Low,Low,Medium,0,0,0,Established mixed community,Mixed residents,"$1,950","$3,400","$710,000",3,Medium,Bus-focused,Low,High,Medium,Medium,Medium,Low,Yes,Suburban,Balanced but verify fit,78,Tier 2 - Good fit,Mid-market,Limited major risk in starter model,balanced lifestyle fit,Starter estimate - verify with official sources,Established suburban,Yes,Medium,Established mixed community / Suburban
SW,Meadowlark Park,Low,Medium,Mount Royal / West Calgary,Low,Medium,Medium,Medium,Moderate reported crime risk,Mixed households,Medium,Medium,Medium,Medium,Medium,Medium,Medium,Medium,Medium,Medium,Low,Low,Medium,0,1,0,Established mixed community,Mixed residents,"$1,950","$3,400","$710,000",3,Medium,Bus-focused,Low,High,Medium,Medium,Medium,Low,Yes,Suburban,Balanced but verify fit,78,Tier 2 - Good fit,Mid-market,Limited major risk in starter model,balanced lifestyle fit,Starter estimate - verify with official sources,Established suburban,Yes,Medium,Established mixed community / Suburban
SW,Millrise,Low,Medium,Mount Royal / West Calgary,Low,Medium,Medium,Medium,Moderate reported crime risk,Mixed households,Medium,Medium,Medium,Medium,Medium,Medium,Medium,Medium,Medium,Medium,Low,Low,Medium,0,1,0,Established mixed community,Mixed residents,"$1,950","$3,400","$710,000",3,Medium,Bus-focused,Low,High,Medium,Medium,Medium,Low,Yes,Suburban,Balanced but verify fit,78,Tier 2 - Good fit,Mid-market,Limited major risk in starter model,balanced lifestyle fit,Starter estimate - verify with official sources,Established suburban,Yes,Medium,Established mixed community / Suburban
SW,Mount Royal,Low,Medium,Mount Royal / West Calgary,Medium,High,Low,Medium,Higher reported crime risk,Affluent families/professionals,Low,Medium,High,Low,High,Medium,High,Medium,Medium,Medium,Low,Low,Medium,1,2,0,"Upscale, quiet, residential",Families/professionals,"$2,190","$3,930","$820,000",1,Medium,CTrain & Bus,High,High,Medium,High,High,High,Yes,Suburban,Less affordable; higher noise,78,Tier 2 - Good fit,Premium / higher-cost,Affordability pressure,"transit, green space, student access, downtown access",Starter estimate - verify with official sources,Established suburban,Yes,Medium,"Upscale, quiet, residential / Suburban"
SW,North Glenmore Park,Low,Medium,Mount Royal / West Calgary,Low,Medium,Medium,Medium,Moderate reported crime risk,Mixed households,Medium,Medium,Medium,Medium,Medium,Medium,Medium,Medium,Medium,Medium,Low,Low,Medium,1,0,0,Established mixed community,Mixed residents,"$1,950","$3,400","$710,000",3,Medium,Bus-focused,Low,High,Medium,Medium,Medium,Low,Yes,Suburban,Balanced but verify fit,78,Tier 2 - Good fit,Mid-market,Limited major risk in starter model,balanced lifestyle fit,Starter estimate - verify with official sources,Established suburban,Yes,Medium,Established mixed community / Suburban
SW,Oakridge,Low,Medium,Mount Royal / West Calgary,Medium,High,Low,Medium,Higher reported crime risk,Families,Medium,Medium,High,Low,High,Medium,High,Medium,Medium,Medium,Low,Low,Medium,2,0,1,"Suburban, family-focused",Families,"$1,950","$3,400","$710,000",3,Medium,CTrain & Bus,High,High,Medium,High,High,High,Yes,Suburban,Higher noise,81,Tier 2 - Good fit,Mid-market,Crime perception,"transit, green space, student access, downtown access",Starter estimate - verify with official sources,Established suburban,Yes,Medium,"Suburban, family-focused / Suburban"
SW,Palliser,Low,Medium,Mount Royal / West Calgary,Medium,High,Low,Medium,Higher reported crime risk,Families,Medium,Medium,High,Low,High,Medium,High,Medium,Medium,Medium,Low,Low,Medium,1,2,0,"Suburban, family-focused",Families,"$1,950","$3,400","$710,000",3,Medium,CTrain & Bus,High,High,Medium,High,High,High,Yes,Suburban,Higher noise,81,Tier 2 - Good fit,Mid-market,Crime perception,"transit, green space, student access, downtown access",Starter estimate - verify with official sources,Established suburban,Yes,Medium,"Suburban, family-focused / Suburban"
SW,Patterson,Low,Medium,Mount Royal / West Calgary,Low,Medium,Medium,Medium,Moderate reported crime risk,Mixed households,Medium,Medium,Medium,Medium,Medium,Medium,Medium,Medium,Medium,Medium,Low,Low,Medium,0,0,1,Established mixed community,Mixed residents,"$1,950","$3,400","$710,000",3,Medium,Bus-focused,Low,High,Medium,Medium,Medium,Low,Yes,Suburban,Balanced but verify fit,78,Tier 2 - Good fit,Mid-market,Limited major risk in starter model,balanced lifestyle fit,Starter estimate - verify with official sources,Established suburban,Yes,Medium,Established mixed community / Suburban
SW,Pump Hill,Low,Medium,Mount Royal / West Calgary,Medium,High,Low,Medium,Higher reported crime risk,Affluent families/professionals,Low,Medium,High,Low,High,Medium,High,Medium,Medium,Medium,Low,Low,Medium,2,0,1,"Upscale, quiet, residential",Families/professionals,"$2,190","$3,930","$820,000",1,Medium,CTrain & Bus,High,High,Medium,High,High,High,Yes,Suburban,Less affordable; higher noise,78,Tier 2 - Good fit,Premium / higher-cost,Affordability pressure,"transit, green space, student access, downtown access",Starter estimate - verify with official sources,Established suburban,Yes,Medium,"Upscale, quiet, residential / Suburban"
SW,Richmond,Low,Medium,Mount Royal / West Calgary,Low,Medium,Medium,Medium,Moderate reported crime risk,Mixed households,Medium,Medium,Medium,Medium,Medium,Medium,Medium,Medium,Medium,Medium,Low,Low,Medium,1,1,0,Established mixed community,Mixed residents,"$1,950","$3,400","$710,000",3,Medium,Bus-focused,Low,High,Medium,Medium,Medium,Low,Yes,Suburban,Balanced but verify fit,78,Tier 2 - Good fit,Mid-market,Limited major risk in starter model,balanced lifestyle fit,Starter estimate - verify with official sources,Established suburban,Yes,Medium,Established mixed community / Suburban
SW,Rutland Park,Low,Medium,Mount Royal / West Calgary,High,Medium,Medium,Medium,Moderate reported crime risk,Mixed households,Medium,Medium,Medium,Medium,Medium,Medium,Medium,Medium,Medium,Medium,Low,Low,Medium,0,1,1,Established mixed community,Mixed residents,"$1,950","$3,400","$710,000",3,Medium,Bus-focused,Low,High,Medium,Medium,Medium,High,Yes,Suburban,Balanced but verify fit,80,Tier 2 - Good fit,Mid-market,Limited major risk in starter model,student access,Starter estimate - verify with official sources,Established suburban,Yes,Medium,Established mixed community / Suburban
SW,Scarboro,Low,Medium,Mount Royal / West Calgary,Low,Medium,Medium,Medium,Moderate reported crime risk,Mixed households,Medium,Medium,Medium,Medium,Medium,Medium,Medium,Medium,Medium,Medium,Low,Low,Medium,1,1,1,Established mixed community,Mixed residents,"$1,950","$3,400","$710,000",3,Medium,Bus-focused,Low,High,Medium,Medium,Medium,Low,Yes,Suburban,Balanced but verify fit,78,Tier 2 - Good fit,Mid-market,Limited major risk in starter model,balanced lifestyle fit,Starter estimate - verify with official sources,Established suburban,Yes,Medium,Established mixed community / Suburban
SW,Shaganappi,Low,Medium,Mount Royal / West Calgary,Low,Medium,Medium,Medium,Moderate reported crime risk,Mixed households,Medium,Medium,Medium,Medium,Medium,Medium,Medium,Medium,Medium,Medium,Low,Low,Medium,0,0,1,Established mixed community,Mixed residents,"$1,950","$3,400","$710,000",3,Medium,Bus-focused,Low,High,Medium,Medium,Medium,Low,Yes,Suburban,Balanced but verify fit,78,Tier 2 - Good fit,Mid-market,Limited major risk in starter model,balanced lifestyle fit,Starter estimate - verify with official sources,Established suburban,Yes,Medium,Established mixed community / Suburban
SW,Signal Hill,Low,High,Westhills / Aspen Landing,Medium,High,Low,Medium,Higher reported crime risk,Affluent families/professionals,Low,Medium,High,Low,High,Medium,High,Medium,Medium,Medium,Low,Low,Medium,2,0,1,"Upscale, quiet, residential",Families/professionals,"$2,190","$3,930","$820,000",1,Medium,CTrain & Bus,High,High,Medium,High,High,High,Yes,Suburban,Less affordable; higher noise,78,Tier 2 - Good fit,Premium / higher-cost,Affordability pressure,"transit, green space, student access, downtown access",Starter estimate - verify with official sources,Established suburban,Yes,Medium,"Upscale, quiet, residential / Suburban"
SW,Silverado,Low,Medium,Mount Royal / West Calgary,Medium,High,Low,Medium,Higher reported crime risk,Families,Medium,Medium,High,Low,High,Medium,High,Medium,Medium,Medium,Low,Low,Medium,1,1,0,"Suburban, family-focused",Families,"$1,950","$3,400","$710,000",3,Medium,CTrain & Bus,High,High,Medium,High,High,High,Yes,Suburban,Higher noise,81,Tier 2 - Good fit,Mid-market,Crime perception,"transit, green space, student access, downtown access",Starter estimate - verify with official sources,Established suburban,Yes,Medium,"Suburban, family-focused / Suburban"
SW,Somerset,Low,Medium,Mount Royal / West Calgary,Medium,High,Low,Medium,Higher reported crime risk,Families,Medium,Medium,High,Low,High,Medium,High,Medium,Medium,Medium,Low,Low,Medium,3,1,0,"Suburban, family-focused",Families,"$1,950","$3,400","$710,000",3,Medium,CTrain & Bus,High,High,Medium,High,High,High,Yes,Suburban,Higher noise,81,Tier 2 - Good fit,Mid-market,Crime perception,"transit, green space, student access, downtown access",Starter estimate - verify with official sources,Established suburban,Yes,Medium,"Suburban, family-focused / Suburban"
SW,South Calgary,Low,Medium,Marda Loop / 17 Ave / Mission,Low,Medium,Medium,Medium,Moderate reported crime risk,Mixed households,Medium,Medium,Medium,Medium,Medium,Medium,Medium,Medium,Medium,Medium,Low,Low,Medium,1,1,0,Established mixed community,Mixed residents,"$1,950","$3,400","$710,000",3,Medium,Bus-focused,Low,High,Medium,Medium,Medium,Low,Yes,Suburban,Balanced but verify fit,78,Tier 2 - Good fit,Mid-market,Limited major risk in starter model,balanced lifestyle fit,Starter estimate - verify with official sources,Established suburban,Yes,Medium,Established mixed community / Suburban
SW,Southwood,Low,Medium,Mount Royal / West Calgary,Low,Medium,Medium,Medium,Moderate reported crime risk,Mixed households,Medium,Medium,Medium,Medium,Medium,Medium,Medium,Medium,Medium,Medium,Low,Low,Medium,2,1,1,Established mixed community,Mixed residents,"$1,950","$3,400","$710,000",3,Medium,CTrain & Bus,Low,High,Medium,Medium,Medium,Low,Yes,Suburban,Balanced but verify fit,78,Tier 2 - Good fit,Mid-market,Limited major risk in starter model,balanced lifestyle fit,Starter estimate - verify with official sources,Established suburban,Yes,Medium,Established mixed community / Suburban
SW,Springbank Hill,Low,Medium,Westhills / Aspen Landing,Medium,High,Low,Medium,Higher reported crime risk,Affluent families/professionals,Low,Medium,High,Low,High,Medium,High,Medium,Medium,Medium,Low,Low,Medium,2,1,1,"Upscale, quiet, residential",Families/professionals,"$2,190","$3,930","$820,000",1,Medium,CTrain & Bus,High,High,Medium,High,High,High,Yes,Suburban,Less affordable; higher noise,78,Tier 2 - Good fit,Premium / higher-cost,Affordability pressure,"transit, green space, student access, downtown access",Starter estimate - verify with official sources,Established suburban,Yes,Medium,"Upscale, quiet, residential / Suburban"
SW,Spruce Cliff,Low,Medium,Mount Royal / West Calgary,Low,Medium,Medium,Medium,Moderate reported crime risk,Mixed households,Medium,Medium,Medium,Medium,Medium,Medium,Medium,Medium,Medium,Medium,Low,Low,Medium,0,1,0,Established mixed community,Mixed residents,"$1,950","$3,400","$710,000",3,Medium,Bus-focused,Low,High,Medium,Medium,Medium,Low,Yes,Suburban,Balanced but verify fit,78,Tier 2 - Good fit,Mid-market,Limited major risk in starter model,balanced lifestyle fit,Starter estimate - verify with official sources,Established suburban,Yes,Medium,Established mixed community / Suburban
SW,Strathcona Park,Low,Medium,Westhills / Aspen Landing,Low,Medium,Medium,Medium,Moderate reported crime risk,Mixed households,Medium,Medium,Medium,Medium,Medium,Medium,Medium,Medium,Medium,Medium,Low,Low,Medium,2,1,1,Established mixed community,Mixed residents,"$1,950","$3,400","$710,000",3,Medium,Bus-focused,Low,High,Medium,Medium,Medium,Low,Yes,Suburban,Balanced but verify fit,78,Tier 2 - Good fit,Mid-market,Limited major risk in starter model,balanced lifestyle fit,Starter estimate - verify with official sources,Established suburban,Yes,Medium,Established mixed community / Suburban
SW,Sunalta,Low,Medium,Mount Royal / West Calgary,Low,Medium,Medium,Medium,Moderate reported crime risk,Mixed households,Medium,Medium,Medium,Medium,Medium,Medium,Medium,Medium,Medium,Medium,Low,Low,Medium,0,1,0,Established mixed community,Mixed residents,"$1,950","$3,400","$710,000",3,Medium,CTrain & Bus,Low,High,Medium,Medium,Medium,Low,Yes,Suburban,Balanced but verify fit,78,Tier 2 - Good fit,Mid-market,Limited major risk in starter model,balanced lifestyle fit,Starter estimate - verify with official sources,Established suburban,Yes,Medium,Established mixed community / Suburban
SW,Upper Mount Royal,Low,Medium,Mount Royal / West Calgary,Medium,High,Low,Medium,Higher reported crime risk,Affluent families/professionals,Low,Medium,High,Low,High,Medium,High,Medium,Medium,Medium,Low,Low,Medium,3,2,0,"Upscale, quiet, residential",Families/professionals,"$2,190","$3,930","$820,000",1,Medium,CTrain & Bus,High,High,Medium,High,High,High,Yes,Suburban,Less affordable; higher noise,78,Tier 2 - Good fit,Premium / higher-cost,Affordability pressure,"transit, green space, student access, downtown access",Starter estimate - verify with official sources,Established suburban,Yes,Medium,"Upscale, quiet, residential / Suburban"
SW,West Springs,Low,Medium,Westhills / Aspen Landing,Medium,High,Low,Medium,Higher reported crime risk,Affluent families/professionals,Low,Medium,High,Low,High,Medium,High,Medium,Medium,Medium,Low,Low,Medium,1,1,1,"Upscale, quiet, residential",Families/professionals,"$2,190","$3,930","$820,000",1,Medium,CTrain & Bus,High,High,Medium,High,High,High,Yes,Suburban,Less affordable; higher noise,78,Tier 2 - Good fit,Premium / higher-cost,Affordability pressure,"transit, green space, student access, downtown access",Starter estimate - verify with official sources,Established suburban,Yes,Medium,"Upscale, quiet, residential / Suburban"
SW,Westgate,Low,Medium,Mount Royal / West Calgary,Low,Medium,Medium,Medium,Moderate reported crime risk,Mixed households,Medium,Medium,Medium,Medium,Medium,Medium,Medium,Medium,Medium,Medium,Low,Low,Medium,0,0,0,Established mixed community,Mixed residents,"$1,950","$3,400","$710,000",3,Medium,Bus-focused,Low,High,Medium,Medium,Medium,Low,Yes,Suburban,Balanced but verify fit,78,Tier 2 - Good fit,Mid-market,Limited major risk in starter model,balanced lifestyle fit,Starter estimate - verify with official sources,Established suburban,Yes,Medium,Established mixed community / Suburban
SW,Wildwood,Low,Medium,Mount Royal / West Calgary,Low,Medium,Medium,Medium,Moderate reported crime risk,Mixed households,Medium,Medium,Medium,Medium,Medium,Medium,Medium,Medium,Medium,Medium,Low,Low,Medium,1,1,1,Established mixed community,Mixed residents,"$1,950","$3,400","$710,000",3,Medium,Bus-focused,Low,High,Medium,Medium,Medium,Low,Yes,Suburban,Balanced but verify fit,78,Tier 2 - Good fit,Mid-market,Limited major risk in starter model,balanced lifestyle fit,Starter estimate - verify with official sources,Established suburban,Yes,Medium,Established mixed community / Suburban
SW,Windsor Park,Low,Medium,Mount Royal / West Calgary,Low,Medium,Medium,Medium,Moderate reported crime risk,Mixed households,Medium,Medium,Medium,Medium,Medium,Medium,Medium,Medium,Medium,Medium,Low,Low,Medium,2,0,1,Established mixed community,Mixed residents,"$1,950","$3,400","$710,000",3,Medium,Bus-focused,Low,High,Medium,Medium,Medium,Low,Yes,Suburban,Balanced but verify fit,78,Tier 2 - Good fit,Mid-market,Limited major risk in starter model,balanced lifestyle fit,Starter estimate - verify with official sources,Established suburban,Yes,Medium,Established mixed community / Suburban
SW,Woodbine,Low,Medium,Mount Royal / West Calgary,Medium,High,Low,Medium,Higher reported crime risk,Families,Medium,Medium,High,Low,High,Medium,High,Medium,Medium,Medium,Low,Low,Medium,2,1,0,"Suburban, family-focused",Families,"$1,950","$3,400","$710,000",3,Medium,CTrain & Bus,High,High,Medium,High,High,High,Yes,Suburban,Higher noise,81,Tier 2 - Good fit,Mid-market,Crime perception,"transit, green space, student access, downtown access",Starter estimate - verify with official sources,Established suburban,Yes,Medium,"Suburban, family-focused / Suburban"
SW,Woodlands,Low,Medium,Mount Royal / West Calgary,Medium,High,Low,Medium,Higher reported crime risk,Families,Medium,Medium,High,Low,High,Medium,High,Medium,Medium,Medium,Low,Low,Medium,3,0,0,"Suburban, family-focused",Families,"$1,950","$3,400","$710,000",3,Medium,CTrain & Bus,High,High,Medium,High,High,High,Yes,Suburban,Higher noise,81,Tier 2 - Good fit,Mid-market,Crime perception,"transit, green space, student access, downtown access",Starter estimate - verify with official sources,Established suburban,Yes,Medium,"Suburban, family-focused / Suburban"